date,prcp_mean,tmax_mean,tmin_mean,prcp_max,tmax_max,tmin_max,prcp_min,tmax_min,tmin_min,prcp_std,tmax_std,tmin_std,temp_range,rolling_7d_tmax,rolling_7d_prcp,day_of_week,month,day_of_year,is_weekend,stress_label
2023-01-01,109.0,167.0,89.0,109,167,89,109,167,89,,,,78,167.0,109.0,6,1,1,1,0
2023-01-02,28.0,144.0,83.0,28,144,83,28,144,83,,,,61,155.5,68.5,0,1,2,0,0
2023-01-03,0.0,161.0,94.0,0,161,94,0,161,94,,,,67,157.33333333333334,45.666666666666664,1,1,3,0,0
2023-01-04,0.0,189.0,94.0,0,189,94,0,189,94,,,,95,165.25,34.25,2,1,4,0,0
2023-01-05,0.0,178.0,94.0,0,178,94,0,178,94,,,,84,167.8,27.4,3,1,5,0,0
2023-01-06,0.0,161.0,94.0,0,161,94,0,161,94,,,,67,166.66666666666666,22.833333333333332,4,1,6,0,0
2023-01-07,0.0,206.0,61.0,0,206,61,0,206,61,,,,145,172.28571428571428,19.571428571428573,5,1,7,1,0
2023-01-08,0.0,217.0,67.0,0,217,67,0,217,67,,,,150,179.42857142857142,4.0,6,1,8,1,0
2023-01-09,0.0,206.0,83.0,0,206,83,0,206,83,,,,123,188.28571428571428,0.0,0,1,9,0,0
2023-01-10,0.0,211.0,94.0,0,211,94,0,211,94,,,,117,195.42857142857142,0.0,1,1,10,0,0
2023-01-11,0.0,189.0,94.0,0,189,94,0,189,94,,,,95,195.42857142857142,0.0,2,1,11,0,0
2023-01-12,0.0,233.0,67.0,0,233,67,0,233,67,,,,166,203.28571428571428,0.0,3,1,12,0,0
2023-01-13,0.0,244.0,100.0,0,244,100,0,244,100,,,,144,215.14285714285714,0.0,4,1,13,0,0
2023-01-14,0.0,183.0,89.0,0,183,89,0,183,89,,,,94,211.85714285714286,0.0,5,1,14,1,0
2023-01-15,28.0,156.0,100.0,28,156,100,28,156,100,,,,56,203.14285714285714,4.0,6,1,15,1,0
2023-01-16,66.0,161.0,100.0,66,161,100,66,161,100,,,,61,196.71428571428572,13.428571428571429,0,1,16,0,0
2023-01-17,30.0,144.0,83.0,30,144,83,30,144,83,,,,61,187.14285714285714,17.714285714285715,1,1,17,0,0
2023-01-18,0.0,156.0,72.0,0,156,72,0,156,72,,,,84,182.42857142857142,17.714285714285715,2,1,18,0,0
2023-01-19,0.0,161.0,56.0,0,161,56,0,161,56,,,,105,172.14285714285714,17.714285714285715,3,1,19,0,0
2023-01-20,0.0,144.0,72.0,0,144,72,0,144,72,,,,72,157.85714285714286,17.714285714285715,4,1,20,0,0
2023-01-21,0.0,150.0,33.0,0,150,33,0,150,33,,,,117,153.14285714285714,17.714285714285715,5,1,21,1,0
2023-01-22,0.0,156.0,39.0,0,156,39,0,156,39,,,,117,153.14285714285714,13.714285714285714,6,1,22,1,0
2023-01-23,0.0,100.0,33.0,0,100,33,0,100,33,,,,67,144.42857142857142,4.285714285714286,0,1,23,0,0
2023-01-24,0.0,133.0,17.0,0,133,17,0,133,17,,,,116,142.85714285714286,0.0,1,1,24,0,0
2023-01-25,0.0,167.0,28.0,0,167,28,0,167,28,,,,139,144.42857142857142,0.0,2,1,25,0,0
2023-01-26,0.0,172.0,22.0,0,172,22,0,172,22,,,,150,146.0,0.0,3,1,26,0,0
2023-01-27,0.0,178.0,33.0,0,178,33,0,178,33,,,,145,150.85714285714286,0.0,4,1,27,0,0
2023-01-28,0.0,183.0,39.0,0,183,39,0,183,39,,,,144,155.57142857142858,0.0,5,1,28,1,0
2023-01-29,0.0,206.0,44.0,0,206,44,0,206,44,,,,162,162.71428571428572,0.0,6,1,29,1,0
2023-01-30,0.0,172.0,83.0,0,172,83,0,172,83,,,,89,173.0,0.0,0,1,30,0,0
2023-01-31,0.0,178.0,72.0,0,178,72,0,178,72,,,,106,179.42857142857142,0.0,1,1,31,0,0
2023-02-01,0.0,200.0,61.0,0,200,61,0,200,61,,,,139,184.14285714285714,0.0,2,2,32,0,0
2023-02-02,0.0,200.0,61.0,0,200,61,0,200,61,,,,139,188.14285714285714,0.0,3,2,33,0,0
2023-02-03,0.0,233.0,67.0,0,233,67,0,233,67,,,,166,196.0,0.0,4,2,34,0,0
2023-02-04,0.0,244.0,78.0,0,244,78,0,244,78,,,,166,204.71428571428572,0.0,5,2,35,1,0
2023-02-05,0.0,239.0,83.0,0,239,83,0,239,83,,,,156,209.42857142857142,0.0,6,2,36,1,0
2023-02-06,0.0,211.0,89.0,0,211,89,0,211,89,,,,122,215.0,0.0,0,2,37,0,0
2023-02-07,0.0,206.0,61.0,0,206,61,0,206,61,,,,145,219.0,0.0,1,2,38,0,0
2023-02-08,0.0,211.0,56.0,0,211,56,0,211,56,,,,155,220.57142857142858,0.0,2,2,39,0,0
2023-02-09,0.0,206.0,61.0,0,206,61,0,206,61,,,,145,221.42857142857142,0.0,3,2,40,0,0
2023-02-10,0.0,222.0,89.0,0,222,89,0,222,89,,,,133,219.85714285714286,0.0,4,2,41,0,0
2023-02-11,0.0,239.0,117.0,0,239,117,0,239,117,,,,122,219.14285714285714,0.0,5,2,42,1,0
2023-02-12,0.0,261.0,89.0,0,261,89,0,261,89,,,,172,222.28571428571428,0.0,6,2,43,1,0
2023-02-13,10.0,150.0,83.0,10,150,83,10,150,83,,,,67,213.57142857142858,1.4285714285714286,0,2,44,0,0
2023-02-14,33.0,139.0,56.0,33,139,56,33,139,56,,,,83,204.0,6.142857142857143,1,2,45,0,0
2023-02-15,0.0,128.0,44.0,0,128,44,0,128,44,,,,84,192.14285714285714,6.142857142857143,2,2,46,0,0
2023-02-16,0.0,150.0,17.0,0,150,17,0,150,17,,,,133,184.14285714285714,6.142857142857143,3,2,47,0,0
2023-02-17,0.0,189.0,83.0,0,189,83,0,189,83,,,,106,179.42857142857142,6.142857142857143,4,2,48,0,0
2023-02-18,0.0,228.0,117.0,0,228,117,0,228,117,,,,111,177.85714285714286,6.142857142857143,5,2,49,1,0
2023-02-19,0.0,239.0,117.0,0,239,117,0,239,117,,,,122,174.71428571428572,6.142857142857143,6,2,50,1,0
2023-02-20,0.0,244.0,106.0,0,244,106,0,244,106,,,,138,188.14285714285714,4.714285714285714,0,2,51,0,0
2023-02-21,3.0,200.0,128.0,3,200,128,3,200,128,,,,72,196.85714285714286,0.42857142857142855,1,2,52,0,0
2023-02-22,20.0,156.0,94.0,20,156,94,20,156,94,,,,62,200.85714285714286,3.2857142857142856,2,2,53,0,0
2023-02-23,0.0,161.0,83.0,0,161,83,0,161,83,,,,78,202.42857142857142,3.2857142857142856,3,2,54,0,0
2023-02-24,0.0,200.0,67.0,0,200,67,0,200,67,,,,133,204.0,3.2857142857142856,4,2,55,0,0
2023-02-25,0.0,244.0,111.0,0,244,111,0,244,111,,,,133,206.28571428571428,3.2857142857142856,5,2,56,1,0
2023-02-26,30.0,150.0,61.0,30,150,61,30,150,61,,,,89,193.57142857142858,7.571428571428571,6,2,57,1,0
2023-02-27,0.0,183.0,56.0,0,183,56,0,183,56,,,,127,184.85714285714286,7.571428571428571,0,2,58,0,0
2023-02-28,0.0,189.0,61.0,0,189,61,0,189,61,,,,128,183.28571428571428,7.142857142857143,1,2,59,0,0
2023-03-01,165.0,178.0,56.0,165,178,56,165,178,56,,,,122,186.42857142857142,27.857142857142858,2,3,60,0,0
2023-03-02,0.0,122.0,50.0,0,122,50,0,122,50,,,,72,180.85714285714286,27.857142857142858,3,3,61,0,0
2023-03-03,0.0,172.0,61.0,0,172,61,0,172,61,,,,111,176.85714285714286,27.857142857142858,4,3,62,0,0
2023-03-04,0.0,211.0,72.0,0,211,72,0,211,72,,,,139,172.14285714285714,27.857142857142858,5,3,63,1,0
2023-03-05,0.0,222.0,83.0,0,222,83,0,222,83,,,,139,182.42857142857142,23.571428571428573,6,3,64,1,0
2023-03-06,0.0,233.0,111.0,0,233,111,0,233,111,,,,122,189.57142857142858,23.571428571428573,0,3,65,0,0
2023-03-07,0.0,228.0,133.0,0,228,133,0,228,133,,,,95,195.14285714285714,23.571428571428573,1,3,66,0,0
2023-03-08,0.0,244.0,89.0,0,244,89,0,244,89,,,,155,204.57142857142858,0.0,2,3,67,0,0
2023-03-09,0.0,233.0,106.0,0,233,106,0,233,106,,,,127,220.42857142857142,0.0,3,3,68,0,0
2023-03-10,0.0,261.0,117.0,0,261,117,0,261,117,,,,144,233.14285714285714,0.0,4,3,69,0,0
2023-03-11,0.0,256.0,161.0,0,256,161,0,256,161,,,,95,239.57142857142858,0.0,5,3,70,1,0
2023-03-12,0.0,278.0,133.0,0,278,133,0,278,133,,,,145,247.57142857142858,0.0,6,3,71,1,0
2023-03-13,0.0,272.0,139.0,0,272,139,0,272,139,,,,133,253.14285714285714,0.0,0,3,72,0,0
2023-03-14,0.0,267.0,128.0,0,267,128,0,267,128,,,,139,258.7142857142857,0.0,1,3,73,0,0
2023-03-15,188.0,200.0,128.0,188,200,128,188,200,128,,,,72,252.42857142857142,26.857142857142858,2,3,74,0,0
2023-03-16,15.0,222.0,117.0,15,222,117,15,222,117,,,,105,250.85714285714286,29.0,3,3,75,0,0
2023-03-17,0.0,233.0,117.0,0,233,117,0,233,117,,,,116,246.85714285714286,29.0,4,3,76,0,0
2023-03-18,0.0,228.0,106.0,0,228,106,0,228,106,,,,122,242.85714285714286,29.0,5,3,77,1,0
2023-03-19,0.0,222.0,128.0,0,222,128,0,222,128,,,,94,234.85714285714286,29.0,6,3,78,1,0
2023-03-20,0.0,228.0,133.0,0,228,133,0,228,133,,,,95,228.57142857142858,29.0,0,3,79,0,0
2023-03-21,0.0,189.0,156.0,0,189,156,0,189,156,,,,33,217.42857142857142,29.0,1,3,80,0,0
2023-03-22,5.0,183.0,111.0,5,183,111,5,183,111,,,,72,215.0,2.857142857142857,2,3,81,0,0
2023-03-23,0.0,211.0,89.0,0,211,89,0,211,89,,,,122,213.42857142857142,0.7142857142857143,3,3,82,0,0
2023-03-24,0.0,211.0,117.0,0,211,117,0,211,117,,,,94,210.28571428571428,0.7142857142857143,4,3,83,0,0
2023-03-25,0.0,217.0,89.0,0,217,89,0,217,89,,,,128,208.71428571428572,0.7142857142857143,5,3,84,1,0
2023-03-26,0.0,222.0,100.0,0,222,100,0,222,100,,,,122,208.71428571428572,0.7142857142857143,6,3,85,1,0
2023-03-27,0.0,228.0,94.0,0,228,94,0,228,94,,,,134,208.71428571428572,0.7142857142857143,0,3,86,0,0
2023-03-28,0.0,272.0,106.0,0,272,106,0,272,106,,,,166,220.57142857142858,0.7142857142857143,1,3,87,0,0
2023-03-29,0.0,278.0,106.0,0,278,106,0,278,106,,,,172,234.14285714285714,0.0,2,3,88,0,0
2023-03-30,0.0,189.0,133.0,0,189,133,0,189,133,,,,56,231.0,0.0,3,3,89,0,0
2023-03-31,0.0,211.0,89.0,0,211,89,0,211,89,,,,122,231.0,0.0,4,3,90,0,0
2023-04-01,0.0,272.0,111.0,0,272,111,0,272,111,,,,161,238.85714285714286,0.0,5,4,91,1,0
2023-04-02,0.0,278.0,117.0,0,278,117,0,278,117,,,,161,246.85714285714286,0.0,6,4,92,1,0
2023-04-03,0.0,283.0,122.0,0,283,122,0,283,122,,,,161,254.71428571428572,0.0,0,4,93,0,0
2023-04-04,0.0,183.0,83.0,0,183,83,0,183,83,,,,100,242.0,0.0,1,4,94,0,0
2023-04-05,0.0,206.0,78.0,0,206,78,0,206,78,,,,128,231.71428571428572,0.0,2,4,95,0,0
2023-04-06,0.0,261.0,100.0,0,261,100,0,261,100,,,,161,242.0,0.0,3,4,96,0,0
2023-04-07,0.0,283.0,128.0,0,283,128,0,283,128,,,,155,252.28571428571428,0.0,4,4,97,0,0
2023-04-08,0.0,294.0,128.0,0,294,128,0,294,128,,,,166,255.42857142857142,0.0,5,4,98,1,0
2023-04-09,0.0,317.0,150.0,0,317,150,0,317,150,,,,167,261.0,0.0,6,4,99,1,0
2023-04-10,0.0,367.0,167.0,0,367,167,0,367,167,,,,200,273.0,0.0,0,4,100,0,0
2023-04-11,0.0,372.0,189.0,0,372,189,0,372,189,,,,183,300.0,0.0,1,4,101,0,0
2023-04-12,0.0,333.0,178.0,0,333,178,0,333,178,,,,155,318.14285714285717,0.0,2,4,102,0,0
2023-04-13,0.0,283.0,178.0,0,283,178,0,283,178,,,,105,321.2857142857143,0.0,3,4,103,0,0
2023-04-14,0.0,261.0,144.0,0,261,144,0,261,144,,,,117,318.14285714285717,0.0,4,4,104,0,0
2023-04-15,0.0,300.0,150.0,0,300,150,0,300,150,,,,150,319.0,0.0,5,4,105,1,0
2023-04-16,0.0,322.0,161.0,0,322,161,0,322,161,,,,161,319.7142857142857,0.0,6,4,106,1,0
2023-04-17,0.0,333.0,178.0,0,333,178,0,333,178,,,,155,314.85714285714283,0.0,0,4,107,0,0
2023-04-18,0.0,311.0,172.0,0,311,172,0,311,172,,,,139,306.14285714285717,0.0,1,4,108,0,0
2023-04-19,0.0,283.0,178.0,0,283,178,0,283,178,,,,105,299.0,0.0,2,4,109,0,0
2023-04-20,0.0,300.0,150.0,0,300,150,0,300,150,,,,150,301.42857142857144,0.0,3,4,110,0,0
2023-04-21,0.0,322.0,161.0,0,322,161,0,322,161,,,,161,310.14285714285717,0.0,4,4,111,0,0
2023-04-22,0.0,344.0,167.0,0,344,167,0,344,167,,,,177,316.42857142857144,0.0,5,4,112,1,0
2023-04-23,0.0,356.0,189.0,0,356,189,0,356,189,,,,167,321.2857142857143,0.0,6,4,113,1,0
2023-04-24,0.0,333.0,200.0,0,333,200,0,333,200,,,,133,321.2857142857143,0.0,0,4,114,0,0
2023-04-25,0.0,333.0,183.0,0,333,183,0,333,183,,,,150,324.42857142857144,0.0,1,4,115,0,0
2023-04-26,0.0,322.0,172.0,0,322,172,0,322,172,,,,150,330.0,0.0,2,4,116,0,0
2023-04-27,0.0,356.0,189.0,0,356,189,0,356,189,,,,167,338.0,0.0,3,4,117,0,0
2023-04-28,0.0,367.0,194.0,0,367,194,0,367,194,,,,173,344.42857142857144,0.0,4,4,118,0,0
2023-04-29,0.0,372.0,217.0,0,372,217,0,372,217,,,,155,348.42857142857144,0.0,5,4,119,1,0
2023-04-30,0.0,389.0,211.0,0,389,211,0,389,211,,,,178,353.14285714285717,0.0,6,4,120,1,0
2023-05-01,0.0,350.0,222.0,0,350,222,0,350,222,,,,128,355.57142857142856,0.0,0,5,121,0,0
2023-05-02,0.0,333.0,189.0,0,333,189,0,333,189,,,,144,355.57142857142856,0.0,1,5,122,0,0
2023-05-03,0.0,317.0,200.0,0,317,200,0,317,200,,,,117,354.85714285714283,0.0,2,5,123,0,0
2023-05-04,0.0,283.0,178.0,0,283,178,0,283,178,,,,105,344.42857142857144,0.0,3,5,124,0,0
2023-05-05,0.0,278.0,161.0,0,278,161,0,278,161,,,,117,331.7142857142857,0.0,4,5,125,0,0
2023-05-06,0.0,306.0,167.0,0,306,167,0,306,167,,,,139,322.2857142857143,0.0,5,5,126,1,0
2023-05-07,0.0,322.0,172.0,0,322,172,0,322,172,,,,150,312.7142857142857,0.0,6,5,127,1,0
2023-05-08,0.0,339.0,183.0,0,339,183,0,339,183,,,,156,311.14285714285717,0.0,0,5,128,0,0
2023-05-09,0.0,339.0,194.0,0,339,194,0,339,194,,,,145,312.0,0.0,1,5,129,0,0
2023-05-10,0.0,272.0,189.0,0,272,189,0,272,189,,,,83,305.57142857142856,0.0,2,5,130,0,0
2023-05-11,0.0,322.0,167.0,0,322,167,0,322,167,,,,155,311.14285714285717,0.0,3,5,131,0,0
2023-05-12,0.0,361.0,189.0,0,361,189,0,361,189,,,,172,323.0,0.0,4,5,132,0,0
2023-05-13,0.0,378.0,217.0,0,378,217,0,378,217,,,,161,333.2857142857143,0.0,5,5,133,1,0
2023-05-14,0.0,383.0,228.0,0,383,228,0,383,228,,,,155,342.0,0.0,6,5,134,1,0
2023-05-15,0.0,394.0,256.0,0,394,256,0,394,256,,,,138,349.85714285714283,0.0,0,5,135,0,0
2023-05-16,0.0,406.0,278.0,0,406,278,0,406,278,,,,128,359.42857142857144,0.0,1,5,136,0,0
2023-05-17,0.0,389.0,256.0,0,389,256,0,389,256,,,,133,376.14285714285717,0.0,2,5,137,0,0
2023-05-18,0.0,378.0,239.0,0,378,239,0,378,239,,,,139,384.14285714285717,0.0,3,5,138,0,0
2023-05-19,0.0,344.0,228.0,0,344,228,0,344,228,,,,116,381.7142857142857,0.0,4,5,139,0,0
2023-05-20,0.0,367.0,211.0,0,367,211,0,367,211,,,,156,380.14285714285717,0.0,5,5,140,1,0
2023-05-21,0.0,383.0,239.0,0,383,239,0,383,239,,,,144,380.14285714285717,0.0,6,5,141,1,0
2023-05-22,0.0,394.0,256.0,0,394,256,0,394,256,,,,138,380.14285714285717,0.0,0,5,142,0,0
2023-05-23,0.0,389.0,239.0,0,389,239,0,389,239,,,,150,377.7142857142857,0.0,1,5,143,0,0
2023-05-24,0.0,378.0,233.0,0,378,233,0,378,233,,,,145,376.14285714285717,0.0,2,5,144,0,0
2023-05-25,0.0,378.0,228.0,0,378,228,0,378,228,,,,150,376.14285714285717,0.0,3,5,145,0,0
2023-05-26,0.0,372.0,222.0,0,372,222,0,372,222,,,,150,380.14285714285717,0.0,4,5,146,0,0
2023-05-27,0.0,372.0,217.0,0,372,217,0,372,217,,,,155,380.85714285714283,0.0,5,5,147,1,0
2023-05-28,0.0,383.0,217.0,0,383,217,0,383,217,,,,166,380.85714285714283,0.0,6,5,148,1,0
2023-05-29,0.0,383.0,228.0,0,383,228,0,383,228,,,,155,379.2857142857143,0.0,0,5,149,0,0
2023-05-30,0.0,378.0,233.0,0,378,233,0,378,233,,,,145,377.7142857142857,0.0,1,5,150,0,0
2023-05-31,0.0,344.0,211.0,0,344,211,0,344,211,,,,133,372.85714285714283,0.0,2,5,151,0,0
2023-06-01,0.0,333.0,206.0,0,333,206,0,333,206,,,,127,366.42857142857144,0.0,3,6,152,0,0
2023-06-02,0.0,350.0,233.0,0,350,233,0,350,233,,,,117,363.2857142857143,0.0,4,6,153,0,0
2023-06-03,0.0,389.0,239.0,0,389,239,0,389,239,,,,150,365.7142857142857,0.0,5,6,154,1,0
2023-06-04,0.0,406.0,250.0,0,406,250,0,406,250,,,,156,369.0,0.0,6,6,155,1,0
2023-06-05,0.0,417.0,256.0,0,417,256,0,417,256,,,,161,373.85714285714283,0.0,0,6,156,0,0
2023-06-06,0.0,383.0,228.0,0,383,228,0,383,228,,,,155,374.57142857142856,0.0,1,6,157,0,0
2023-06-07,0.0,367.0,206.0,0,367,206,0,367,206,,,,161,377.85714285714283,0.0,2,6,158,0,0
2023-06-08,0.0,367.0,217.0,0,367,217,0,367,217,,,,150,382.7142857142857,0.0,3,6,159,0,0
2023-06-09,0.0,361.0,222.0,0,361,222,0,361,222,,,,139,384.2857142857143,0.0,4,6,160,0,0
2023-06-10,0.0,383.0,228.0,0,383,228,0,383,228,,,,155,383.42857142857144,0.0,5,6,161,1,0
2023-06-11,0.0,356.0,228.0,0,356,228,0,356,228,,,,128,376.2857142857143,0.0,6,6,162,1,0
2023-06-12,0.0,339.0,217.0,0,339,217,0,339,217,,,,122,365.14285714285717,0.0,0,6,163,0,0
2023-06-13,0.0,356.0,233.0,0,356,233,0,356,233,,,,123,361.2857142857143,0.0,1,6,164,0,0
2023-06-14,0.0,383.0,233.0,0,383,233,0,383,233,,,,150,363.57142857142856,0.0,2,6,165,0,0
2023-06-15,0.0,383.0,250.0,0,383,250,0,383,250,,,,133,365.85714285714283,0.0,3,6,166,0,0
2023-06-16,0.0,400.0,244.0,0,400,244,0,400,244,,,,156,371.42857142857144,0.0,4,6,167,0,0
2023-06-17,0.0,411.0,244.0,0,411,244,0,411,244,,,,167,375.42857142857144,0.0,5,6,168,1,0
2023-06-18,0.0,428.0,256.0,0,428,256,0,428,256,,,,172,385.7142857142857,0.0,6,6,169,1,0
2023-06-19,0.0,406.0,256.0,0,406,256,0,406,256,,,,150,395.2857142857143,0.0,0,6,170,0,0
2023-06-20,0.0,406.0,272.0,0,406,272,0,406,272,,,,134,402.42857142857144,0.0,1,6,171,0,0
2023-06-21,0.0,428.0,250.0,0,428,250,0,428,250,,,,178,408.85714285714283,0.0,2,6,172,0,0
2023-06-22,0.0,428.0,250.0,0,428,250,0,428,250,,,,178,415.2857142857143,0.0,3,6,173,0,0
2023-06-23,0.0,394.0,250.0,0,394,250,0,394,250,,,,144,414.42857142857144,0.0,4,6,174,0,0
2023-06-24,0.0,411.0,222.0,0,411,222,0,411,222,,,,189,414.42857142857144,0.0,5,6,175,1,0
2023-06-25,0.0,439.0,256.0,0,439,256,0,439,256,,,,183,416.0,0.0,6,6,176,1,0
2023-06-26,0.0,444.0,272.0,0,444,272,0,444,272,,,,172,421.42857142857144,0.0,0,6,177,0,0
2023-06-27,0.0,439.0,272.0,0,439,272,0,439,272,,,,167,426.14285714285717,0.0,1,6,178,0,0
2023-06-28,0.0,422.0,267.0,0,422,267,0,422,267,,,,155,425.2857142857143,0.0,2,6,179,0,0
2023-06-29,0.0,422.0,256.0,0,422,256,0,422,256,,,,166,424.42857142857144,0.0,3,6,180,0,0
2023-06-30,0.0,433.0,256.0,0,433,256,0,433,256,,,,177,430.0,0.0,4,6,181,0,0
2023-07-01,0.0,456.0,272.0,0,456,272,0,456,272,,,,184,436.42857142857144,0.0,5,7,182,1,0
2023-07-02,0.0,461.0,300.0,0,461,300,0,461,300,,,,161,439.57142857142856,0.0,6,7,183,1,0
2023-07-03,0.0,467.0,306.0,0,467,306,0,467,306,,,,161,442.85714285714283,0.0,0,7,184,0,0
2023-07-04,0.0,450.0,317.0,0,450,317,0,450,317,,,,133,444.42857142857144,0.0,1,7,185,0,0
2023-07-05,0.0,439.0,317.0,0,439,317,0,439,317,,,,122,446.85714285714283,0.0,2,7,186,0,0
2023-07-06,0.0,461.0,294.0,0,461,294,0,461,294,,,,167,452.42857142857144,0.0,3,7,187,0,0
2023-07-07,0.0,444.0,300.0,0,444,300,0,444,300,,,,144,454.0,0.0,4,7,188,0,0
2023-07-08,0.0,450.0,300.0,0,450,300,0,450,300,,,,150,453.14285714285717,0.0,5,7,189,1,0
2023-07-09,0.0,444.0,317.0,0,444,317,0,444,317,,,,127,450.7142857142857,0.0,6,7,190,1,0
2023-07-10,0.0,433.0,328.0,0,433,328,0,433,328,,,,105,445.85714285714283,0.0,0,7,191,0,1
2023-07-11,0.0,439.0,328.0,0,439,328,0,439,328,,,,111,444.2857142857143,0.0,1,7,192,0,0
2023-07-12,0.0,439.0,344.0,0,439,344,0,439,344,,,,95,444.2857142857143,0.0,2,7,193,0,0
2023-07-13,0.0,456.0,350.0,0,456,350,0,456,350,,,,106,443.57142857142856,0.0,3,7,194,0,0
2023-07-14,0.0,467.0,339.0,0,467,339,0,467,339,,,,128,446.85714285714283,0.0,4,7,195,0,0
2023-07-15,0.0,478.0,333.0,0,478,333,0,478,333,,,,145,450.85714285714283,0.0,5,7,196,1,0
2023-07-16,0.0,456.0,344.0,0,456,344,0,456,344,,,,112,452.57142857142856,0.0,6,7,197,1,0
2023-07-17,0.0,467.0,350.0,0,467,350,0,467,350,,,,117,457.42857142857144,0.0,0,7,198,0,0
2023-07-18,0.0,478.0,344.0,0,478,344,0,478,344,,,,134,463.0,0.0,1,7,199,0,0
2023-07-19,0.0,483.0,361.0,0,483,361,0,483,361,,,,122,469.2857142857143,0.0,2,7,200,0,1
2023-07-20,0.0,483.0,339.0,0,483,339,0,483,339,,,,144,473.14285714285717,0.0,3,7,201,0,0
2023-07-21,0.0,472.0,333.0,0,472,333,0,472,333,,,,139,473.85714285714283,0.0,4,7,202,0,0
2023-07-22,0.0,478.0,356.0,0,478,356,0,478,356,,,,122,473.85714285714283,0.0,5,7,203,1,0
2023-07-23,0.0,456.0,333.0,0,456,333,0,456,333,,,,123,473.85714285714283,0.0,6,7,204,1,0
2023-07-24,0.0,467.0,344.0,0,467,344,0,467,344,,,,123,473.85714285714283,0.0,0,7,205,0,0
2023-07-25,0.0,483.0,339.0,0,483,339,0,483,339,,,,144,474.57142857142856,0.0,1,7,206,0,1
2023-07-26,0.0,478.0,311.0,0,478,311,0,478,311,,,,167,473.85714285714283,0.0,2,7,207,0,1
2023-07-27,0.0,461.0,317.0,0,461,317,0,461,317,,,,144,470.7142857142857,0.0,3,7,208,0,1
2023-07-28,0.0,467.0,339.0,0,467,339,0,467,339,,,,128,470.0,0.0,4,7,209,0,1
2023-07-29,0.0,461.0,350.0,0,461,350,0,461,350,,,,111,467.57142857142856,0.0,5,7,210,1,1
2023-07-30,0.0,444.0,339.0,0,444,339,0,444,339,,,,105,465.85714285714283,0.0,6,7,211,1,1
2023-07-31,0.0,422.0,283.0,0,422,283,0,422,283,,,,139,459.42857142857144,0.0,0,7,212,0,0
2023-08-01,0.0,428.0,300.0,0,428,300,0,428,300,,,,128,451.57142857142856,0.0,1,8,213,0,0
2023-08-02,0.0,439.0,339.0,0,439,339,0,439,339,,,,100,446.0,0.0,2,8,214,0,1
2023-08-03,0.0,450.0,333.0,0,450,333,0,450,333,,,,117,444.42857142857144,0.0,3,8,215,0,0
2023-08-04,0.0,461.0,306.0,0,461,306,0,461,306,,,,155,443.57142857142856,0.0,4,8,216,0,0
2023-08-05,0.0,467.0,322.0,0,467,322,0,467,322,,,,145,444.42857142857144,0.0,5,8,217,1,0
2023-08-06,0.0,456.0,322.0,0,456,322,0,456,322,,,,134,446.14285714285717,0.0,6,8,218,1,0
2023-08-07,0.0,439.0,328.0,0,439,328,0,439,328,,,,111,448.57142857142856,0.0,0,8,219,0,1
2023-08-08,0.0,433.0,289.0,0,433,289,0,433,289,,,,144,449.2857142857143,0.0,1,8,220,0,1
2023-08-09,0.0,439.0,322.0,0,439,322,0,439,322,,,,117,449.2857142857143,0.0,2,8,221,0,1
2023-08-10,0.0,428.0,328.0,0,428,328,0,428,328,,,,100,446.14285714285717,0.0,3,8,222,0,1
2023-08-11,0.0,422.0,317.0,0,422,317,0,422,317,,,,105,440.57142857142856,0.0,4,8,223,0,0
2023-08-12,0.0,422.0,317.0,0,422,317,0,422,317,,,,105,434.14285714285717,0.0,5,8,224,1,0
2023-08-13,0.0,433.0,311.0,0,433,311,0,433,311,,,,122,430.85714285714283,0.0,6,8,225,1,0
2023-08-14,0.0,411.0,322.0,0,411,322,0,411,322,,,,89,426.85714285714283,0.0,0,8,226,0,0
2023-08-15,0.0,439.0,322.0,0,439,322,0,439,322,,,,117,427.7142857142857,0.0,1,8,227,0,0
2023-08-16,0.0,461.0,306.0,0,461,306,0,461,306,,,,155,430.85714285714283,0.0,2,8,228,0,1
2023-08-17,5.0,456.0,339.0,5,456,339,5,456,339,,,,117,434.85714285714283,0.7142857142857143,3,8,229,0,0
2023-08-18,0.0,411.0,311.0,0,411,311,0,411,311,,,,100,433.2857142857143,0.7142857142857143,4,8,230,0,0
2023-08-19,0.0,350.0,283.0,0,350,283,0,350,283,,,,67,423.0,0.7142857142857143,5,8,231,1,0
2023-08-20,0.0,389.0,283.0,0,389,283,0,389,283,,,,106,416.7142857142857,0.7142857142857143,6,8,232,1,0
2023-08-21,10.0,328.0,256.0,10,328,256,10,328,256,,,,72,404.85714285714283,2.142857142857143,0,8,233,0,0
2023-08-22,0.0,406.0,250.0,0,406,250,0,406,250,,,,156,400.14285714285717,2.142857142857143,1,8,234,0,0
2023-08-23,0.0,422.0,294.0,0,422,294,0,422,294,,,,128,394.57142857142856,2.142857142857143,2,8,235,0,0
2023-08-24,0.0,411.0,311.0,0,411,311,0,411,311,,,,100,388.14285714285717,1.4285714285714286,3,8,236,0,0
2023-08-25,0.0,439.0,317.0,0,439,317,0,439,317,,,,122,392.14285714285717,1.4285714285714286,4,8,237,0,0
2023-08-26,0.0,450.0,333.0,0,450,333,0,450,333,,,,117,406.42857142857144,1.4285714285714286,5,8,238,1,0
2023-08-27,0.0,456.0,322.0,0,456,322,0,456,322,,,,134,416.0,1.4285714285714286,6,8,239,1,0
2023-08-28,0.0,472.0,339.0,0,472,339,0,472,339,,,,133,436.57142857142856,0.0,0,8,240,0,1
2023-08-29,0.0,467.0,339.0,0,467,339,0,467,339,,,,128,445.2857142857143,0.0,1,8,241,0,1
2023-08-30,0.0,439.0,339.0,0,439,339,0,439,339,,,,100,447.7142857142857,0.0,2,8,242,0,0
2023-08-31,15.0,428.0,244.0,15,428,244,15,428,244,,,,184,450.14285714285717,2.142857142857143,3,8,243,0,1
2023-09-01,3.0,322.0,256.0,3,322,256,3,322,256,,,,66,433.42857142857144,2.5714285714285716,4,9,244,0,0
2023-09-02,0.0,372.0,267.0,0,372,267,0,372,267,,,,105,422.2857142857143,2.5714285714285716,5,9,245,1,0
2023-09-03,0.0,389.0,267.0,0,389,267,0,389,267,,,,122,412.7142857142857,2.5714285714285716,6,9,246,1,0
2023-09-04,0.0,406.0,300.0,0,406,300,0,406,300,,,,106,403.2857142857143,2.5714285714285716,0,9,247,0,0
2023-09-05,0.0,406.0,256.0,0,406,256,0,406,256,,,,150,394.57142857142856,2.5714285714285716,1,9,248,0,0
2023-09-06,0.0,422.0,261.0,0,422,261,0,422,261,,,,161,392.14285714285717,2.5714285714285716,2,9,249,0,0
2023-09-07,0.0,428.0,261.0,0,428,261,0,428,261,,,,167,392.14285714285717,0.42857142857142855,3,9,250,0,0
2023-09-08,0.0,433.0,300.0,0,433,300,0,433,300,,,,133,408.0,0.0,4,9,251,0,0
2023-09-09,0.0,456.0,306.0,0,456,306,0,456,306,,,,150,420.0,0.0,5,9,252,1,0
2023-09-10,0.0,450.0,322.0,0,450,322,0,450,322,,,,128,428.7142857142857,0.0,6,9,253,1,0
2023-09-11,0.0,411.0,317.0,0,411,317,0,411,317,,,,94,429.42857142857144,0.0,0,9,254,0,0
2023-09-12,5.0,389.0,261.0,5,389,261,5,389,261,,,,128,427.0,0.7142857142857143,1,9,255,0,0
2023-09-13,0.0,372.0,244.0,0,372,244,0,372,244,,,,128,419.85714285714283,0.7142857142857143,2,9,256,0,0
2023-09-14,0.0,389.0,267.0,0,389,267,0,389,267,,,,122,414.2857142857143,0.7142857142857143,3,9,257,0,0
2023-09-15,0.0,400.0,267.0,0,400,267,0,400,267,,,,133,409.57142857142856,0.7142857142857143,4,9,258,0,0
2023-09-16,0.0,417.0,261.0,0,417,261,0,417,261,,,,156,404.0,0.7142857142857143,5,9,259,1,0
2023-09-17,0.0,411.0,272.0,0,411,272,0,411,272,,,,139,398.42857142857144,0.7142857142857143,6,9,260,1,0
2023-09-18,0.0,394.0,256.0,0,394,256,0,394,256,,,,138,396.0,0.7142857142857143,0,9,261,0,0
2023-09-19,0.0,389.0,244.0,0,389,244,0,389,244,,,,145,396.0,0.0,1,9,262,0,0
2023-09-20,0.0,389.0,250.0,0,389,250,0,389,250,,,,139,398.42857142857144,0.0,2,9,263,0,0
2023-09-21,0.0,372.0,222.0,0,372,222,0,372,222,,,,150,396.0,0.0,3,9,264,0,0
2023-09-22,0.0,372.0,239.0,0,372,239,0,372,239,,,,133,392.0,0.0,4,9,265,0,0
2023-09-23,0.0,356.0,256.0,0,356,256,0,356,256,,,,100,383.2857142857143,0.0,5,9,266,1,0
2023-09-24,0.0,378.0,233.0,0,378,233,0,378,233,,,,145,378.57142857142856,0.0,6,9,267,1,0
2023-09-25,0.0,389.0,244.0,0,389,244,0,389,244,,,,145,377.85714285714283,0.0,0,9,268,0,0
2023-09-26,0.0,406.0,239.0,0,406,239,0,406,239,,,,167,380.2857142857143,0.0,1,9,269,0,0
2023-09-27,0.0,411.0,250.0,0,411,250,0,411,250,,,,161,383.42857142857144,0.0,2,9,270,0,0
2023-09-28,0.0,400.0,244.0,0,400,244,0,400,244,,,,156,387.42857142857144,0.0,3,9,271,0,0
2023-09-29,0.0,389.0,222.0,0,389,222,0,389,222,,,,167,389.85714285714283,0.0,4,9,272,0,0
2023-09-30,0.0,383.0,233.0,0,383,233,0,383,233,,,,150,393.7142857142857,0.0,5,9,273,1,0
2023-10-01,0.0,311.0,217.0,0,311,217,0,311,217,,,,94,384.14285714285717,0.0,6,10,274,1,0
2023-10-02,0.0,311.0,206.0,0,311,206,0,311,206,,,,105,373.0,0.0,0,10,275,0,0
2023-10-03,0.0,317.0,200.0,0,317,200,0,317,200,,,,117,360.2857142857143,0.0,1,10,276,0,0
2023-10-04,0.0,350.0,200.0,0,350,200,0,350,200,,,,150,351.57142857142856,0.0,2,10,277,0,0
2023-10-05,0.0,378.0,211.0,0,378,211,0,378,211,,,,167,348.42857142857144,0.0,3,10,278,0,0
2023-10-06,0.0,400.0,211.0,0,400,211,0,400,211,,,,189,350.0,0.0,4,10,279,0,0
2023-10-07,0.0,394.0,278.0,0,394,278,0,394,278,,,,116,351.57142857142856,0.0,5,10,280,1,0
2023-10-08,0.0,378.0,261.0,0,378,261,0,378,261,,,,117,361.14285714285717,0.0,6,10,281,1,0
2023-10-09,0.0,389.0,256.0,0,389,256,0,389,256,,,,133,372.2857142857143,0.0,0,10,282,0,0
2023-10-10,0.0,372.0,239.0,0,372,239,0,372,239,,,,133,380.14285714285717,0.0,1,10,283,0,0
2023-10-11,0.0,344.0,233.0,0,344,233,0,344,233,,,,111,379.2857142857143,0.0,2,10,284,0,0
2023-10-12,0.0,328.0,206.0,0,328,206,0,328,206,,,,122,372.14285714285717,0.0,3,10,285,0,0
2023-10-13,0.0,328.0,183.0,0,328,183,0,328,183,,,,145,361.85714285714283,0.0,4,10,286,0,0
2023-10-14,0.0,344.0,194.0,0,344,194,0,344,194,,,,150,354.7142857142857,0.0,5,10,287,1,0
2023-10-15,0.0,389.0,194.0,0,389,194,0,389,194,,,,195,356.2857142857143,0.0,6,10,288,1,0
2023-10-16,0.0,406.0,228.0,0,406,228,0,406,228,,,,178,358.7142857142857,0.0,0,10,289,0,0
2023-10-17,0.0,383.0,239.0,0,383,239,0,383,239,,,,144,360.2857142857143,0.0,1,10,290,0,0
2023-10-18,0.0,389.0,222.0,0,389,222,0,389,222,,,,167,366.7142857142857,0.0,2,10,291,0,0
2023-10-19,0.0,400.0,222.0,0,400,222,0,400,222,,,,178,377.0,0.0,3,10,292,0,0
2023-10-20,0.0,400.0,217.0,0,400,217,0,400,217,,,,183,387.2857142857143,0.0,4,10,293,0,0
2023-10-21,0.0,383.0,222.0,0,383,222,0,383,222,,,,161,392.85714285714283,0.0,5,10,294,1,0
2023-10-22,0.0,367.0,211.0,0,367,211,0,367,211,,,,156,389.7142857142857,0.0,6,10,295,1,0
2023-10-23,0.0,311.0,211.0,0,311,211,0,311,211,,,,100,376.14285714285717,0.0,0,10,296,0,0
2023-10-24,0.0,306.0,206.0,0,306,206,0,306,206,,,,100,365.14285714285717,0.0,1,10,297,0,0
2023-10-25,0.0,294.0,194.0,0,294,194,0,294,194,,,,100,351.57142857142856,0.0,2,10,298,0,0
2023-10-26,0.0,300.0,200.0,0,300,200,0,300,200,,,,100,337.2857142857143,0.0,3,10,299,0,0
2023-10-27,0.0,317.0,194.0,0,317,194,0,317,194,,,,123,325.42857142857144,0.0,4,10,300,0,0
2023-10-28,0.0,306.0,183.0,0,306,183,0,306,183,,,,123,314.42857142857144,0.0,5,10,301,1,0
2023-10-29,0.0,267.0,161.0,0,267,161,0,267,161,,,,106,300.14285714285717,0.0,6,10,302,1,0
2023-10-30,0.0,272.0,128.0,0,272,128,0,272,128,,,,144,294.57142857142856,0.0,0,10,303,0,0
2023-10-31,0.0,278.0,161.0,0,278,161,0,278,161,,,,117,290.57142857142856,0.0,1,10,304,0,0
2023-11-01,0.0,283.0,161.0,0,283,161,0,283,161,,,,122,289.0,0.0,2,11,305,0,0
2023-11-02,0.0,306.0,139.0,0,306,139,0,306,139,,,,167,289.85714285714283,0.0,3,11,306,0,0
2023-11-03,0.0,317.0,150.0,0,317,150,0,317,150,,,,167,289.85714285714283,0.0,4,11,307,0,0
2023-11-04,0.0,317.0,161.0,0,317,161,0,317,161,,,,156,291.42857142857144,0.0,5,11,308,1,0
2023-11-05,0.0,339.0,161.0,0,339,161,0,339,161,,,,178,301.7142857142857,0.0,6,11,309,1,0
2023-11-06,0.0,339.0,178.0,0,339,178,0,339,178,,,,161,311.2857142857143,0.0,0,11,310,0,0
2023-11-07,0.0,328.0,167.0,0,328,167,0,328,167,,,,161,318.42857142857144,0.0,1,11,311,0,0
2023-11-08,0.0,272.0,167.0,0,272,167,0,272,167,,,,105,316.85714285714283,0.0,2,11,312,0,0
2023-11-09,0.0,261.0,133.0,0,261,133,0,261,133,,,,128,310.42857142857144,0.0,3,11,313,0,0
2023-11-10,0.0,256.0,122.0,0,256,122,0,256,122,,,,134,301.7142857142857,0.0,4,11,314,0,0
2023-11-11,0.0,272.0,122.0,0,272,122,0,272,122,,,,150,295.2857142857143,0.0,5,11,315,1,0
2023-11-12,0.0,289.0,156.0,0,289,156,0,289,156,,,,133,288.14285714285717,0.0,6,11,316,1,0
2023-11-13,0.0,311.0,167.0,0,311,167,0,311,167,,,,144,284.14285714285717,0.0,0,11,317,0,0
2023-11-14,0.0,317.0,200.0,0,317,200,0,317,200,,,,117,282.57142857142856,0.0,1,11,318,0,0
2023-11-15,0.0,311.0,194.0,0,311,194,0,311,194,,,,117,288.14285714285717,0.0,2,11,319,0,0
2023-11-16,23.0,267.0,183.0,23,267,183,23,267,183,,,,84,289.0,3.2857142857142856,3,11,320,0,0
2023-11-17,0.0,278.0,167.0,0,278,167,0,278,167,,,,111,292.14285714285717,3.2857142857142856,4,11,321,0,0
2023-11-18,36.0,239.0,172.0,36,239,172,36,239,172,,,,67,287.42857142857144,8.428571428571429,5,11,322,1,0
2023-11-19,0.0,239.0,144.0,0,239,144,0,239,144,,,,95,280.2857142857143,8.428571428571429,6,11,323,1,0
2023-11-20,0.0,244.0,122.0,0,244,122,0,244,122,,,,122,270.7142857142857,8.428571428571429,0,11,324,0,0
2023-11-21,0.0,261.0,133.0,0,261,133,0,261,133,,,,128,262.7142857142857,8.428571428571429,1,11,325,0,0
2023-11-22,0.0,256.0,122.0,0,256,122,0,256,122,,,,134,254.85714285714286,8.428571428571429,2,11,326,0,0
2023-11-23,0.0,228.0,128.0,0,228,128,0,228,128,,,,100,249.28571428571428,5.142857142857143,3,11,327,0,0
2023-11-24,0.0,228.0,111.0,0,228,111,0,228,111,,,,117,242.14285714285714,5.142857142857143,4,11,328,0,0
2023-11-25,0.0,211.0,122.0,0,211,122,0,211,122,,,,89,238.14285714285714,0.0,5,11,329,1,0
2023-11-26,0.0,222.0,83.0,0,222,83,0,222,83,,,,139,235.71428571428572,0.0,6,11,330,1,0
2023-11-27,0.0,239.0,111.0,0,239,111,0,239,111,,,,128,235.0,0.0,0,11,331,0,0
2023-11-28,0.0,256.0,133.0,0,256,133,0,256,133,,,,123,234.28571428571428,0.0,1,11,332,0,0
2023-11-29,0.0,228.0,122.0,0,228,122,0,228,122,,,,106,230.28571428571428,0.0,2,11,333,0,0
2023-11-30,15.0,189.0,117.0,15,189,117,15,189,117,,,,72,224.71428571428572,2.142857142857143,3,11,334,0,0
2023-12-01,33.0,183.0,111.0,33,183,111,33,183,111,,,,72,218.28571428571428,6.857142857142857,4,12,335,0,0
2023-12-02,0.0,189.0,89.0,0,189,89,0,189,89,,,,100,215.14285714285714,6.857142857142857,5,12,336,1,0
2023-12-03,0.0,206.0,83.0,0,206,83,0,206,83,,,,123,212.85714285714286,6.857142857142857,6,12,337,1,0
2023-12-04,0.0,206.0,89.0,0,206,89,0,206,89,,,,117,208.14285714285714,6.857142857142857,0,12,338,0,0
2023-12-05,0.0,278.0,100.0,0,278,100,0,278,100,,,,178,211.28571428571428,6.857142857142857,1,12,339,0,0
2023-12-06,0.0,289.0,133.0,0,289,133,0,289,133,,,,156,220.0,6.857142857142857,2,12,340,0,0
2023-12-07,0.0,256.0,117.0,0,256,117,0,256,117,,,,139,229.57142857142858,4.714285714285714,3,12,341,0,0
2023-12-08,0.0,228.0,100.0,0,228,100,0,228,100,,,,128,236.0,0.0,4,12,342,0,0
2023-12-09,0.0,200.0,72.0,0,200,72,0,200,72,,,,128,237.57142857142858,0.0,5,12,343,1,0
2023-12-10,0.0,228.0,67.0,0,228,67,0,228,67,,,,161,240.71428571428572,0.0,6,12,344,1,0
2023-12-11,0.0,233.0,72.0,0,233,72,0,233,72,,,,161,244.57142857142858,0.0,0,12,345,0,0
2023-12-12,0.0,217.0,106.0,0,217,106,0,217,106,,,,111,235.85714285714286,0.0,1,12,346,0,0
2023-12-13,0.0,211.0,72.0,0,211,72,0,211,72,,,,139,224.71428571428572,0.0,2,12,347,0,0
2023-12-14,0.0,211.0,67.0,0,211,67,0,211,67,,,,144,218.28571428571428,0.0,3,12,348,0,0
2023-12-15,0.0,256.0,78.0,0,256,78,0,256,78,,,,178,222.28571428571428,0.0,4,12,349,0,0
2023-12-16,0.0,267.0,111.0,0,267,111,0,267,111,,,,156,231.85714285714286,0.0,5,12,350,1,0
2023-12-17,0.0,272.0,94.0,0,272,94,0,272,94,,,,178,238.14285714285714,0.0,6,12,351,1,0
2023-12-18,0.0,239.0,122.0,0,239,122,0,239,122,,,,117,239.0,0.0,0,12,352,0,0
2023-12-19,3.0,250.0,150.0,3,250,150,3,250,150,,,,100,243.71428571428572,0.42857142857142855,1,12,353,0,0
2023-12-20,5.0,250.0,156.0,5,250,156,5,250,156,,,,94,249.28571428571428,1.1428571428571428,2,12,354,0,0
2023-12-21,0.0,256.0,133.0,0,256,133,0,256,133,,,,123,255.71428571428572,1.1428571428571428,3,12,355,0,0
2023-12-22,178.0,172.0,128.0,178,172,128,178,172,128,,,,44,243.71428571428572,26.571428571428573,4,12,356,0,0
2023-12-23,8.0,150.0,106.0,8,150,106,8,150,106,,,,44,227.0,27.714285714285715,5,12,357,1,0
2023-12-24,0.0,178.0,83.0,0,178,83,0,178,83,,,,95,213.57142857142858,27.714285714285715,6,12,358,1,0
2023-12-25,0.0,178.0,83.0,0,178,83,0,178,83,,,,95,204.85714285714286,27.714285714285715,0,12,359,0,0
2023-12-26,0.0,178.0,72.0,0,178,72,0,178,72,,,,106,194.57142857142858,27.285714285714285,1,12,360,0,0
2023-12-27,0.0,194.0,61.0,0,194,61,0,194,61,,,,133,186.57142857142858,26.571428571428573,2,12,361,0,0
2023-12-28,0.0,206.0,72.0,0,206,72,0,206,72,,,,134,179.42857142857142,26.571428571428573,3,12,362,0,0
2023-12-29,0.0,228.0,67.0,0,228,67,0,228,67,,,,161,187.42857142857142,1.1428571428571428,4,12,363,0,0
2023-12-30,0.0,244.0,106.0,0,244,106,0,244,106,,,,138,200.85714285714286,0.0,5,12,364,1,0
2023-12-31,0.0,178.0,78.0,0,178,78,0,178,78,,,,100,200.85714285714286,0.0,6,12,365,1,0
2024-01-01,0.0,172.0,83.0,0,172,83,0,172,83,,,,89,200.0,0.0,0,1,1,0,0
2024-01-02,0.0,189.0,72.0,0,189,72,0,189,72,,,,117,201.57142857142858,0.0,1,1,2,0,0
2024-01-03,3.0,178.0,72.0,3,178,72,3,178,72,,,,106,199.28571428571428,0.42857142857142855,2,1,3,0,0
2024-01-04,0.0,156.0,72.0,0,156,72,0,156,72,,,,84,192.14285714285714,0.42857142857142855,3,1,4,0,0
2024-01-05,0.0,144.0,56.0,0,144,56,0,144,56,,,,88,180.14285714285714,0.42857142857142855,4,1,5,0,0
2024-01-06,0.0,167.0,44.0,0,167,44,0,167,44,,,,123,169.14285714285714,0.42857142857142855,5,1,6,1,0
2024-01-07,3.0,122.0,61.0,3,122,61,3,122,61,,,,61,161.14285714285714,0.8571428571428571,6,1,7,1,0
2024-01-08,0.0,122.0,28.0,0,122,28,0,122,28,,,,94,154.0,0.8571428571428571,0,1,8,0,0
2024-01-09,0.0,133.0,17.0,0,133,17,0,133,17,,,,116,146.0,0.8571428571428571,1,1,9,0,0
2024-01-10,0.0,156.0,28.0,0,156,28,0,156,28,,,,128,142.85714285714286,0.42857142857142855,2,1,10,0,0
2024-01-11,3.0,144.0,39.0,3,144,39,3,144,39,,,,105,141.14285714285714,0.8571428571428571,3,1,11,0,0
2024-01-12,0.0,144.0,22.0,0,144,22,0,144,22,,,,122,141.14285714285714,0.8571428571428571,4,1,12,0,0
2024-01-13,0.0,167.0,28.0,0,167,28,0,167,28,,,,139,141.14285714285714,0.8571428571428571,5,1,13,1,0
2024-01-14,0.0,194.0,50.0,0,194,50,0,194,50,,,,144,151.42857142857142,0.42857142857142855,6,1,14,1,0
2024-01-15,0.0,200.0,56.0,0,200,56,0,200,56,,,,144,162.57142857142858,0.42857142857142855,0,1,15,0,0
2024-01-16,0.0,211.0,67.0,0,211,67,0,211,67,,,,144,173.71428571428572,0.42857142857142855,1,1,16,0,0
2024-01-17,0.0,200.0,72.0,0,200,72,0,200,72,,,,128,180.0,0.42857142857142855,2,1,17,0,0
2024-01-18,0.0,244.0,72.0,0,244,72,0,244,72,,,,172,194.28571428571428,0.0,3,1,18,0,0
2024-01-19,0.0,250.0,100.0,0,250,100,0,250,100,,,,150,209.42857142857142,0.0,4,1,19,0,0
2024-01-20,0.0,200.0,111.0,0,200,111,0,200,111,,,,89,214.14285714285714,0.0,5,1,20,1,0
2024-01-21,8.0,172.0,117.0,8,172,117,8,172,117,,,,55,211.0,1.1428571428571428,6,1,21,1,0
2024-01-22,66.0,178.0,100.0,66,178,100,66,178,100,,,,78,207.85714285714286,10.571428571428571,0,1,22,0,0
2024-01-23,104.0,161.0,122.0,104,161,122,104,161,122,,,,39,200.71428571428572,25.428571428571427,1,1,23,0,0
2024-01-24,0.0,172.0,117.0,0,172,117,0,172,117,,,,55,196.71428571428572,25.428571428571427,2,1,24,0,0
2024-01-25,0.0,189.0,106.0,0,189,106,0,189,106,,,,83,188.85714285714286,25.428571428571427,3,1,25,0,0
2024-01-26,0.0,206.0,83.0,0,206,83,0,206,83,,,,123,182.57142857142858,25.428571428571427,4,1,26,0,0
2024-01-27,0.0,233.0,83.0,0,233,83,0,233,83,,,,150,187.28571428571428,25.428571428571427,5,1,27,1,0
2024-01-28,0.0,256.0,117.0,0,256,117,0,256,117,,,,139,199.28571428571428,24.285714285714285,6,1,28,1,0
2024-01-29,0.0,272.0,122.0,0,272,122,0,272,122,,,,150,212.71428571428572,14.857142857142858,0,1,29,0,0
2024-01-30,0.0,272.0,122.0,0,272,122,0,272,122,,,,150,228.57142857142858,0.0,1,1,30,0,0
2024-01-31,0.0,272.0,133.0,0,272,133,0,272,133,,,,139,242.85714285714286,0.0,2,1,31,0,0
2024-02-01,97.0,272.0,128.0,97,272,128,97,272,128,,,,144,254.71428571428572,13.857142857142858,3,2,32,0,0
2024-02-02,53.0,172.0,111.0,53,172,111,53,172,111,,,,61,249.85714285714286,21.428571428571427,4,2,33,0,0
2024-02-03,0.0,178.0,78.0,0,178,78,0,178,78,,,,100,242.0,21.428571428571427,5,2,34,1,0
2024-02-04,0.0,211.0,94.0,0,211,94,0,211,94,,,,117,235.57142857142858,21.428571428571427,6,2,35,1,0
2024-02-05,0.0,239.0,117.0,0,239,117,0,239,117,,,,122,230.85714285714286,21.428571428571427,0,2,36,0,0
2024-02-06,56.0,189.0,100.0,56,189,100,56,189,100,,,,89,219.0,29.428571428571427,1,2,37,0,0
2024-02-07,30.0,167.0,94.0,30,167,94,30,167,94,,,,73,204.0,33.714285714285715,2,2,38,0,0
2024-02-08,56.0,144.0,61.0,56,144,61,56,144,61,,,,83,185.71428571428572,27.857142857142858,3,2,39,0,0
2024-02-09,0.0,156.0,44.0,0,156,44,0,156,44,,,,112,183.42857142857142,20.285714285714285,4,2,40,0,0
2024-02-10,43.0,150.0,72.0,43,150,72,43,150,72,,,,78,179.42857142857142,26.428571428571427,5,2,41,1,0
2024-02-11,0.0,167.0,44.0,0,167,44,0,167,44,,,,123,173.14285714285714,26.428571428571427,6,2,42,1,0
2024-02-12,0.0,194.0,56.0,0,194,56,0,194,56,,,,138,166.71428571428572,26.428571428571427,0,2,43,0,0
2024-02-13,0.0,217.0,72.0,0,217,72,0,217,72,,,,145,170.71428571428572,18.428571428571427,1,2,44,0,0
2024-02-14,0.0,217.0,78.0,0,217,78,0,217,78,,,,139,177.85714285714286,14.142857142857142,2,2,45,0,0
2024-02-15,0.0,233.0,89.0,0,233,89,0,233,89,,,,144,190.57142857142858,6.142857142857143,3,2,46,0,0
2024-02-16,0.0,222.0,89.0,0,222,89,0,222,89,,,,133,200.0,6.142857142857143,4,2,47,0,0
2024-02-17,0.0,239.0,106.0,0,239,106,0,239,106,,,,133,212.71428571428572,0.0,5,2,48,1,0
2024-02-18,0.0,250.0,106.0,0,250,106,0,250,106,,,,144,224.57142857142858,0.0,6,2,49,1,0
2024-02-19,0.0,267.0,122.0,0,267,122,0,267,122,,,,145,235.0,0.0,0,2,50,0,0
2024-02-20,0.0,278.0,117.0,0,278,117,0,278,117,,,,161,243.71428571428572,0.0,1,2,51,0,0
2024-02-21,0.0,244.0,133.0,0,244,133,0,244,133,,,,111,247.57142857142858,0.0,2,2,52,0,0
2024-02-22,0.0,244.0,122.0,0,244,122,0,244,122,,,,122,249.14285714285714,0.0,3,2,53,0,0
2024-02-23,0.0,272.0,117.0,0,272,117,0,272,117,,,,155,256.2857142857143,0.0,4,2,54,0,0
2024-02-24,0.0,256.0,144.0,0,256,144,0,256,144,,,,112,258.7142857142857,0.0,5,2,55,1,0
2024-02-25,0.0,289.0,150.0,0,289,150,0,289,150,,,,139,264.2857142857143,0.0,6,2,56,1,0
2024-02-26,0.0,244.0,172.0,0,244,172,0,244,172,,,,72,261.0,0.0,0,2,57,0,0
2024-02-27,0.0,244.0,139.0,0,244,139,0,244,139,,,,105,256.14285714285717,0.0,1,2,58,0,0
2024-02-28,0.0,267.0,128.0,0,267,128,0,267,128,,,,139,259.42857142857144,0.0,2,2,59,0,0
2024-02-29,0.0,244.0,122.0,0,244,122,0,244,122,,,,122,259.42857142857144,0.0,3,2,60,0,0
2024-03-01,0.0,267.0,128.0,0,267,128,0,267,128,,,,139,258.7142857142857,0.0,4,3,61,0,0
2024-03-02,0.0,267.0,117.0,0,267,117,0,267,117,,,,150,260.2857142857143,0.0,5,3,62,1,0
2024-03-03,0.0,233.0,122.0,0,233,122,0,233,122,,,,111,252.28571428571428,0.0,6,3,63,1,0
2024-03-04,0.0,239.0,117.0,0,239,117,0,239,117,,,,122,251.57142857142858,0.0,0,3,64,0,0
2024-03-05,0.0,250.0,117.0,0,250,117,0,250,117,,,,133,252.42857142857142,0.0,1,3,65,0,0
2024-03-06,0.0,244.0,139.0,0,244,139,0,244,139,,,,105,249.14285714285714,0.0,2,3,66,0,0
2024-03-07,51.0,183.0,117.0,51,183,117,51,183,117,,,,66,240.42857142857142,7.285714285714286,3,3,67,0,0
2024-03-08,13.0,217.0,117.0,13,217,117,13,217,117,,,,100,233.28571428571428,9.142857142857142,4,3,68,0,0
2024-03-09,0.0,244.0,106.0,0,244,106,0,244,106,,,,138,230.0,9.142857142857142,5,3,69,1,0
2024-03-10,0.0,272.0,117.0,0,272,117,0,272,117,,,,155,235.57142857142858,9.142857142857142,6,3,70,1,0
2024-03-11,0.0,278.0,139.0,0,278,139,0,278,139,,,,139,241.14285714285714,9.142857142857142,0,3,71,0,0
2024-03-12,0.0,256.0,128.0,0,256,128,0,256,128,,,,128,242.0,9.142857142857142,1,3,72,0,0
2024-03-13,0.0,250.0,122.0,0,250,122,0,250,122,,,,128,242.85714285714286,9.142857142857142,2,3,73,0,0
2024-03-14,3.0,228.0,122.0,3,228,122,3,228,122,,,,106,249.28571428571428,2.2857142857142856,3,3,74,0,0
2024-03-15,46.0,172.0,100.0,46,172,100,46,172,100,,,,72,242.85714285714286,7.0,4,3,75,0,0
2024-03-16,0.0,206.0,78.0,0,206,78,0,206,78,,,,128,237.42857142857142,7.0,5,3,76,1,0
2024-03-17,3.0,206.0,111.0,3,206,111,3,206,111,,,,95,228.0,7.428571428571429,6,3,77,1,0
2024-03-18,0.0,272.0,106.0,0,272,106,0,272,106,,,,166,227.14285714285714,7.428571428571429,0,3,78,0,0
2024-03-19,0.0,267.0,122.0,0,267,122,0,267,122,,,,145,228.71428571428572,7.428571428571429,1,3,79,0,0
2024-03-20,5.0,267.0,122.0,5,267,122,5,267,122,,,,145,231.14285714285714,8.142857142857142,2,3,80,0,0
2024-03-21,0.0,283.0,133.0,0,283,133,0,283,133,,,,150,239.0,7.714285714285714,3,3,81,0,0
2024-03-22,0.0,300.0,156.0,0,300,156,0,300,156,,,,144,257.2857142857143,1.1428571428571428,4,3,82,0,0
2024-03-23,0.0,283.0,167.0,0,283,167,0,283,167,,,,116,268.2857142857143,1.1428571428571428,5,3,83,1,0
2024-03-24,94.0,194.0,117.0,94,194,117,94,194,117,,,,77,266.57142857142856,14.142857142857142,6,3,84,1,0
2024-03-25,0.0,217.0,94.0,0,217,94,0,217,94,,,,123,258.7142857142857,14.142857142857142,0,3,85,0,0
2024-03-26,0.0,228.0,128.0,0,228,128,0,228,128,,,,100,253.14285714285714,14.142857142857142,1,3,86,0,0
2024-03-27,0.0,256.0,106.0,0,256,106,0,256,106,,,,150,251.57142857142858,13.428571428571429,2,3,87,0,0
2024-03-28,0.0,278.0,128.0,0,278,128,0,278,128,,,,150,250.85714285714286,13.428571428571429,3,3,88,0,0
2024-03-29,0.0,300.0,133.0,0,300,133,0,300,133,,,,167,250.85714285714286,13.428571428571429,4,3,89,0,0
2024-03-30,0.0,306.0,150.0,0,306,150,0,306,150,,,,156,254.14285714285714,13.428571428571429,5,3,90,1,0
2024-03-31,127.0,183.0,106.0,127,183,106,127,183,106,,,,77,252.57142857142858,18.142857142857142,6,3,91,1,0
2024-04-01,102.0,178.0,94.0,102,178,94,102,178,94,,,,84,247.0,32.714285714285715,0,4,92,0,0
2024-04-02,0.0,244.0,106.0,0,244,106,0,244,106,,,,138,249.28571428571428,32.714285714285715,1,4,93,0,0
2024-04-03,0.0,283.0,133.0,0,283,133,0,283,133,,,,150,253.14285714285714,32.714285714285715,2,4,94,0,0
2024-04-04,0.0,317.0,150.0,0,317,150,0,317,150,,,,167,258.7142857142857,32.714285714285715,3,4,95,0,0
2024-04-05,0.0,222.0,133.0,0,222,133,0,222,133,,,,89,247.57142857142858,32.714285714285715,4,4,96,0,0
2024-04-06,0.0,200.0,94.0,0,200,94,0,200,94,,,,106,232.42857142857142,32.714285714285715,5,4,97,1,0
2024-04-07,0.0,244.0,100.0,0,244,100,0,244,100,,,,144,241.14285714285714,14.571428571428571,6,4,98,1,0
2024-04-08,0.0,244.0,128.0,0,244,128,0,244,128,,,,116,250.57142857142858,0.0,0,4,99,0,0
2024-04-09,0.0,294.0,128.0,0,294,128,0,294,128,,,,166,257.7142857142857,0.0,1,4,100,0,0
2024-04-10,0.0,306.0,139.0,0,306,139,0,306,139,,,,167,261.0,0.0,2,4,101,0,0
2024-04-11,0.0,344.0,167.0,0,344,167,0,344,167,,,,177,264.85714285714283,0.0,3,4,102,0,0
2024-04-12,0.0,350.0,183.0,0,350,183,0,350,183,,,,167,283.14285714285717,0.0,4,4,103,0,0
2024-04-13,0.0,322.0,178.0,0,322,178,0,322,178,,,,144,300.57142857142856,0.0,5,4,104,1,0
2024-04-14,0.0,289.0,156.0,0,289,156,0,289,156,,,,133,307.0,0.0,6,4,105,1,0
2024-04-15,0.0,250.0,144.0,0,250,144,0,250,144,,,,106,307.85714285714283,0.0,0,4,106,0,0
2024-04-16,0.0,311.0,150.0,0,311,150,0,311,150,,,,161,310.2857142857143,0.0,1,4,107,0,0
2024-04-17,0.0,339.0,167.0,0,339,167,0,339,167,,,,172,315.0,0.0,2,4,108,0,0
2024-04-18,0.0,344.0,189.0,0,344,189,0,344,189,,,,155,315.0,0.0,3,4,109,0,0
2024-04-19,0.0,344.0,189.0,0,344,189,0,344,189,,,,155,314.14285714285717,0.0,4,4,110,0,0
2024-04-20,0.0,356.0,200.0,0,356,200,0,356,200,,,,156,319.0,0.0,5,4,111,1,0
2024-04-21,0.0,378.0,211.0,0,378,211,0,378,211,,,,167,331.7142857142857,0.0,6,4,112,1,0
2024-04-22,0.0,389.0,217.0,0,389,217,0,389,217,,,,172,351.57142857142856,0.0,0,4,113,0,0
2024-04-23,0.0,367.0,211.0,0,367,211,0,367,211,,,,156,359.57142857142856,0.0,1,4,114,0,0
2024-04-24,0.0,339.0,200.0,0,339,200,0,339,200,,,,139,359.57142857142856,0.0,2,4,115,0,0
2024-04-25,0.0,294.0,200.0,0,294,200,0,294,200,,,,94,352.42857142857144,0.0,3,4,116,0,0
2024-04-26,0.0,283.0,183.0,0,283,183,0,283,183,,,,100,343.7142857142857,0.0,4,4,117,0,0
2024-04-27,0.0,278.0,172.0,0,278,172,0,278,172,,,,106,332.57142857142856,0.0,5,4,118,1,0
2024-04-28,0.0,311.0,167.0,0,311,167,0,311,167,,,,144,323.0,0.0,6,4,119,1,0
2024-04-29,0.0,350.0,183.0,0,350,183,0,350,183,,,,167,317.42857142857144,0.0,0,4,120,0,0
2024-04-30,0.0,356.0,206.0,0,356,206,0,356,206,,,,150,315.85714285714283,0.0,1,4,121,0,0
2024-05-01,0.0,339.0,206.0,0,339,206,0,339,206,,,,133,315.85714285714283,0.0,2,5,122,0,0
2024-05-02,0.0,339.0,206.0,0,339,206,0,339,206,,,,133,322.2857142857143,0.0,3,5,123,0,0
2024-05-03,0.0,361.0,211.0,0,361,211,0,361,211,,,,150,333.42857142857144,0.0,4,5,124,0,0
2024-05-04,0.0,350.0,217.0,0,350,217,0,350,217,,,,133,343.7142857142857,0.0,5,5,125,1,0
2024-05-05,0.0,294.0,206.0,0,294,206,0,294,206,,,,88,341.2857142857143,0.0,6,5,126,1,0
2024-05-06,0.0,300.0,161.0,0,300,161,0,300,161,,,,139,334.14285714285717,0.0,0,5,127,0,0
2024-05-07,0.0,333.0,172.0,0,333,172,0,333,172,,,,161,330.85714285714283,0.0,1,5,128,0,0
2024-05-08,0.0,328.0,194.0,0,328,194,0,328,194,,,,134,329.2857142857143,0.0,2,5,129,0,0
2024-05-09,0.0,317.0,183.0,0,317,183,0,317,183,,,,134,326.14285714285717,0.0,3,5,130,0,0
2024-05-10,0.0,339.0,183.0,0,339,183,0,339,183,,,,156,323.0,0.0,4,5,131,0,0
2024-05-11,0.0,339.0,183.0,0,339,183,0,339,183,,,,156,321.42857142857144,0.0,5,5,132,1,0
2024-05-12,0.0,350.0,206.0,0,350,206,0,350,206,,,,144,329.42857142857144,0.0,6,5,133,1,0
2024-05-13,0.0,378.0,217.0,0,378,217,0,378,217,,,,161,340.57142857142856,0.0,0,5,134,0,0
2024-05-14,0.0,378.0,233.0,0,378,233,0,378,233,,,,145,347.0,0.0,1,5,135,0,0
2024-05-15,0.0,367.0,228.0,0,367,228,0,367,228,,,,139,352.57142857142856,0.0,2,5,136,0,0
2024-05-16,3.0,367.0,244.0,3,367,244,3,367,244,,,,123,359.7142857142857,0.42857142857142855,3,5,137,0,0
2024-05-17,0.0,389.0,239.0,0,389,239,0,389,239,,,,150,366.85714285714283,0.42857142857142855,4,5,138,0,0
2024-05-18,0.0,400.0,250.0,0,400,250,0,400,250,,,,150,375.57142857142856,0.42857142857142855,5,5,139,1,0
2024-05-19,0.0,372.0,239.0,0,372,239,0,372,239,,,,133,378.7142857142857,0.42857142857142855,6,5,140,1,0
2024-05-20,0.0,333.0,228.0,0,333,228,0,333,228,,,,105,372.2857142857143,0.42857142857142855,0,5,141,0,0
2024-05-21,0.0,356.0,194.0,0,356,194,0,356,194,,,,162,369.14285714285717,0.42857142857142855,1,5,142,0,0
2024-05-22,0.0,361.0,206.0,0,361,206,0,361,206,,,,155,368.2857142857143,0.42857142857142855,2,5,143,0,0
2024-05-23,0.0,367.0,211.0,0,367,211,0,367,211,,,,156,368.2857142857143,0.0,3,5,144,0,0
2024-05-24,0.0,378.0,228.0,0,378,228,0,378,228,,,,150,366.7142857142857,0.0,4,5,145,0,0
2024-05-25,0.0,333.0,239.0,0,333,239,0,333,239,,,,94,357.14285714285717,0.0,5,5,146,1,0
2024-05-26,0.0,372.0,211.0,0,372,211,0,372,211,,,,161,357.14285714285717,0.0,6,5,147,1,0
2024-05-27,0.0,389.0,228.0,0,389,228,0,389,228,,,,161,365.14285714285717,0.0,0,5,148,0,0
2024-05-28,0.0,411.0,244.0,0,411,244,0,411,244,,,,167,373.0,0.0,1,5,149,0,0
2024-05-29,0.0,394.0,244.0,0,394,244,0,394,244,,,,150,377.7142857142857,0.0,2,5,150,0,0
2024-05-30,0.0,400.0,244.0,0,400,244,0,400,244,,,,156,382.42857142857144,0.0,3,5,151,0,0
2024-05-31,0.0,417.0,244.0,0,417,244,0,417,244,,,,173,388.0,0.0,4,5,152,0,0
2024-06-01,0.0,417.0,250.0,0,417,250,0,417,250,,,,167,400.0,0.0,5,6,153,1,0
2024-06-02,0.0,406.0,250.0,0,406,250,0,406,250,,,,156,404.85714285714283,0.0,6,6,154,1,0
2024-06-03,0.0,394.0,250.0,0,394,250,0,394,250,,,,144,405.57142857142856,0.0,0,6,155,0,0
2024-06-04,0.0,400.0,261.0,0,400,261,0,400,261,,,,139,404.0,0.0,1,6,156,0,0
2024-06-05,0.0,422.0,278.0,0,422,278,0,422,278,,,,144,408.0,0.0,2,6,157,0,0
2024-06-06,0.0,450.0,294.0,0,450,294,0,450,294,,,,156,415.14285714285717,0.0,3,6,158,0,0
2024-06-07,0.0,450.0,306.0,0,450,306,0,450,306,,,,144,419.85714285714283,0.0,4,6,159,0,0
2024-06-08,0.0,422.0,289.0,0,422,289,0,422,289,,,,133,420.57142857142856,0.0,5,6,160,1,0
2024-06-09,0.0,417.0,278.0,0,417,278,0,417,278,,,,139,422.14285714285717,0.0,6,6,161,1,0
2024-06-10,0.0,428.0,267.0,0,428,267,0,428,267,,,,161,427.0,0.0,0,6,162,0,0
2024-06-11,0.0,450.0,272.0,0,450,272,0,450,272,,,,178,434.14285714285717,0.0,1,6,163,0,0
2024-06-12,0.0,439.0,283.0,0,439,283,0,439,283,,,,156,436.57142857142856,0.0,2,6,164,0,0
2024-06-13,0.0,422.0,300.0,0,422,300,0,422,300,,,,122,432.57142857142856,0.0,3,6,165,0,0
2024-06-14,0.0,417.0,283.0,0,417,283,0,417,283,,,,134,427.85714285714283,0.0,4,6,166,0,0
2024-06-15,0.0,444.0,278.0,0,444,278,0,444,278,,,,166,431.0,0.0,5,6,167,1,0
2024-06-16,0.0,444.0,289.0,0,444,289,0,444,289,,,,155,434.85714285714283,0.0,6,6,168,1,0
2024-06-17,0.0,422.0,278.0,0,422,278,0,422,278,,,,144,434.0,0.0,0,6,169,0,0
2024-06-18,0.0,406.0,267.0,0,406,267,0,406,267,,,,139,427.7142857142857,0.0,1,6,170,0,0
2024-06-19,0.0,411.0,283.0,0,411,283,0,411,283,,,,128,423.7142857142857,0.0,2,6,171,0,0
2024-06-20,0.0,461.0,283.0,0,461,283,0,461,283,,,,178,429.2857142857143,0.0,3,6,172,0,0
2024-06-21,0.0,472.0,333.0,0,472,333,0,472,333,,,,139,437.14285714285717,0.0,4,6,173,0,1
2024-06-22,0.0,422.0,333.0,0,422,333,0,422,333,,,,89,434.0,0.0,5,6,174,1,0
2024-06-23,0.0,428.0,328.0,0,428,328,0,428,328,,,,100,431.7142857142857,0.0,6,6,175,1,0
2024-06-24,3.0,444.0,317.0,3,444,317,3,444,317,,,,127,434.85714285714283,0.42857142857142855,0,6,176,0,1
2024-06-25,0.0,422.0,300.0,0,422,300,0,422,300,,,,122,437.14285714285717,0.42857142857142855,1,6,177,0,0
2024-06-26,0.0,439.0,294.0,0,439,294,0,439,294,,,,145,441.14285714285717,0.42857142857142855,2,6,178,0,1
2024-06-27,0.0,444.0,350.0,0,444,350,0,444,350,,,,94,438.7142857142857,0.42857142857142855,3,6,179,0,0
2024-06-28,0.0,444.0,333.0,0,444,333,0,444,333,,,,111,434.7142857142857,0.42857142857142855,4,6,180,0,0
2024-06-29,0.0,433.0,317.0,0,433,317,0,433,317,,,,116,436.2857142857143,0.42857142857142855,5,6,181,1,0
2024-06-30,0.0,433.0,322.0,0,433,322,0,433,322,,,,111,437.0,0.42857142857142855,6,6,182,1,0
2024-07-01,8.0,428.0,300.0,8,428,300,8,428,300,,,,128,434.7142857142857,1.1428571428571428,0,7,183,0,0
2024-07-02,0.0,450.0,333.0,0,450,333,0,450,333,,,,117,438.7142857142857,1.1428571428571428,1,7,184,0,0
2024-07-03,0.0,450.0,339.0,0,450,339,0,450,339,,,,111,440.2857142857143,1.1428571428571428,2,7,185,0,1
2024-07-04,0.0,450.0,328.0,0,450,328,0,450,328,,,,122,441.14285714285717,1.1428571428571428,3,7,186,0,0
2024-07-05,0.0,478.0,339.0,0,478,339,0,478,339,,,,139,446.0,1.1428571428571428,4,7,187,0,0
2024-07-06,0.0,456.0,328.0,0,456,328,0,456,328,,,,128,449.2857142857143,1.1428571428571428,5,7,188,1,1
2024-07-07,0.0,456.0,333.0,0,456,333,0,456,333,,,,123,452.57142857142856,1.1428571428571428,6,7,189,1,0
2024-07-08,0.0,478.0,328.0,0,478,328,0,478,328,,,,150,459.7142857142857,0.0,0,7,190,0,0
2024-07-09,0.0,467.0,328.0,0,467,328,0,467,328,,,,139,462.14285714285717,0.0,1,7,191,0,1
2024-07-10,0.0,461.0,333.0,0,461,333,0,461,333,,,,128,463.7142857142857,0.0,2,7,192,0,1
2024-07-11,0.0,461.0,339.0,0,461,339,0,461,339,,,,122,465.2857142857143,0.0,3,7,193,0,1
2024-07-12,0.0,467.0,328.0,0,467,328,0,467,328,,,,139,463.7142857142857,0.0,4,7,194,0,0
2024-07-13,0.0,444.0,344.0,0,444,344,0,444,344,,,,100,462.0,0.0,5,7,195,1,0
2024-07-14,84.0,428.0,289.0,84,428,289,84,428,289,,,,139,458.0,12.0,6,7,196,1,0
2024-07-15,0.0,428.0,300.0,0,428,300,0,428,300,,,,128,450.85714285714283,12.0,0,7,197,0,0
2024-07-16,0.0,428.0,317.0,0,428,317,0,428,317,,,,111,445.2857142857143,12.0,1,7,198,0,0
2024-07-17,0.0,439.0,322.0,0,439,322,0,439,322,,,,117,442.14285714285717,12.0,2,7,199,0,1
2024-07-18,0.0,439.0,339.0,0,439,339,0,439,339,,,,100,439.0,12.0,3,7,200,0,0
2024-07-19,0.0,444.0,333.0,0,444,333,0,444,333,,,,111,435.7142857142857,12.0,4,7,201,0,0
2024-07-20,0.0,450.0,339.0,0,450,339,0,450,339,,,,111,436.57142857142856,12.0,5,7,202,1,0
2024-07-21,5.0,439.0,317.0,5,439,317,5,439,317,,,,122,438.14285714285717,0.7142857142857143,6,7,203,1,0
2024-07-22,0.0,439.0,294.0,0,439,294,0,439,294,,,,145,439.7142857142857,0.7142857142857143,0,7,204,0,1
2024-07-23,0.0,450.0,339.0,0,450,339,0,450,339,,,,111,442.85714285714283,0.7142857142857143,1,7,205,0,1
2024-07-24,0.0,456.0,339.0,0,456,339,0,456,339,,,,117,445.2857142857143,0.7142857142857143,2,7,206,0,1
2024-07-25,0.0,444.0,278.0,0,444,278,0,444,278,,,,166,446.0,0.7142857142857143,3,7,207,0,1
2024-07-26,0.0,433.0,278.0,0,433,278,0,433,278,,,,155,444.42857142857144,0.7142857142857143,4,7,208,0,0
2024-07-27,0.0,444.0,311.0,0,444,311,0,444,311,,,,133,443.57142857142856,0.7142857142857143,5,7,209,1,0
2024-07-28,0.0,439.0,317.0,0,439,317,0,439,317,,,,122,443.57142857142856,0.0,6,7,210,1,0
2024-07-29,0.0,428.0,311.0,0,428,311,0,428,311,,,,117,442.0,0.0,0,7,211,0,0
2024-07-30,0.0,428.0,317.0,0,428,317,0,428,317,,,,111,438.85714285714283,0.0,1,7,212,0,0
2024-07-31,0.0,433.0,322.0,0,433,322,0,433,322,,,,111,435.57142857142856,0.0,2,7,213,0,0
2024-08-01,0.0,417.0,306.0,0,417,306,0,417,306,,,,111,431.7142857142857,0.0,3,8,214,0,0
2024-08-02,0.0,444.0,339.0,0,444,339,0,444,339,,,,105,433.2857142857143,0.0,4,8,215,0,0
2024-08-03,0.0,467.0,333.0,0,467,333,0,467,333,,,,134,436.57142857142856,0.0,5,8,216,1,1
2024-08-04,0.0,467.0,339.0,0,467,339,0,467,339,,,,128,440.57142857142856,0.0,6,8,217,1,1
2024-08-05,0.0,444.0,333.0,0,444,333,0,444,333,,,,111,442.85714285714283,0.0,0,8,218,0,0
2024-08-06,0.0,439.0,328.0,0,439,328,0,439,328,,,,111,444.42857142857144,0.0,1,8,219,0,1
2024-08-07,3.0,400.0,272.0,3,400,272,3,400,272,,,,128,439.7142857142857,0.42857142857142855,2,8,220,0,0
2024-08-08,0.0,417.0,311.0,0,417,311,0,417,311,,,,106,439.7142857142857,0.42857142857142855,3,8,221,0,0
2024-08-09,0.0,428.0,306.0,0,428,306,0,428,306,,,,122,437.42857142857144,0.42857142857142855,4,8,222,0,0
2024-08-10,0.0,444.0,339.0,0,444,339,0,444,339,,,,105,434.14285714285717,0.42857142857142855,5,8,223,1,1
2024-08-11,0.0,406.0,311.0,0,406,311,0,406,311,,,,95,425.42857142857144,0.42857142857142855,6,8,224,1,0
2024-08-12,0.0,422.0,311.0,0,422,311,0,422,311,,,,111,422.2857142857143,0.42857142857142855,0,8,225,0,0
2024-08-13,0.0,428.0,317.0,0,428,317,0,428,317,,,,111,420.7142857142857,0.42857142857142855,1,8,226,0,0
2024-08-14,0.0,433.0,328.0,0,433,328,0,433,328,,,,105,425.42857142857144,0.0,2,8,227,0,0
2024-08-15,0.0,439.0,322.0,0,439,322,0,439,322,,,,117,428.57142857142856,0.0,3,8,228,0,0
2024-08-16,0.0,450.0,333.0,0,450,333,0,450,333,,,,117,431.7142857142857,0.0,4,8,229,0,1
2024-08-17,0.0,450.0,339.0,0,450,339,0,450,339,,,,111,432.57142857142856,0.0,5,8,230,1,1
2024-08-18,25.0,389.0,261.0,25,389,261,25,389,261,,,,128,430.14285714285717,3.5714285714285716,6,8,231,1,0
2024-08-19,0.0,444.0,311.0,0,444,311,0,444,311,,,,133,433.2857142857143,3.5714285714285716,0,8,232,0,0
2024-08-20,0.0,444.0,333.0,0,444,333,0,444,333,,,,111,435.57142857142856,3.5714285714285716,1,8,233,0,1
2024-08-21,0.0,406.0,322.0,0,406,322,0,406,322,,,,84,431.7142857142857,3.5714285714285716,2,8,234,0,1
2024-08-22,61.0,433.0,283.0,61,433,283,61,433,283,,,,150,430.85714285714283,12.285714285714286,3,8,235,0,0
2024-08-23,0.0,428.0,289.0,0,428,289,0,428,289,,,,139,427.7142857142857,12.285714285714286,4,8,236,0,0
2024-08-24,0.0,417.0,283.0,0,417,283,0,417,283,,,,134,423.0,12.285714285714286,5,8,237,1,0
2024-08-25,0.0,422.0,300.0,0,422,300,0,422,300,,,,122,427.7142857142857,8.714285714285714,6,8,238,1,0
2024-08-26,0.0,433.0,289.0,0,433,289,0,433,289,,,,144,426.14285714285717,8.714285714285714,0,8,239,0,0
2024-08-27,0.0,422.0,294.0,0,422,294,0,422,294,,,,128,423.0,8.714285714285714,1,8,240,0,0
2024-08-28,0.0,406.0,317.0,0,406,317,0,406,317,,,,89,423.0,8.714285714285714,2,8,241,0,0
2024-08-29,0.0,428.0,294.0,0,428,294,0,428,294,,,,134,422.2857142857143,0.0,3,8,242,0,0
2024-08-30,0.0,433.0,306.0,0,433,306,0,433,306,,,,127,423.0,0.0,4,8,243,0,0
2024-08-31,0.0,422.0,311.0,0,422,311,0,422,311,,,,111,423.7142857142857,0.0,5,8,244,1,0
2024-09-01,0.0,422.0,306.0,0,422,306,0,422,306,,,,116,423.7142857142857,0.0,6,9,245,1,0
2024-09-02,0.0,422.0,294.0,0,422,294,0,422,294,,,,128,422.14285714285717,0.0,0,9,246,0,0
2024-09-03,0.0,422.0,311.0,0,422,311,0,422,311,,,,111,422.14285714285717,0.0,1,9,247,0,0
2024-09-04,0.0,439.0,306.0,0,439,306,0,439,306,,,,133,426.85714285714283,0.0,2,9,248,0,1
2024-09-05,0.0,467.0,306.0,0,467,306,0,467,306,,,,161,432.42857142857144,0.0,3,9,249,0,1
2024-09-06,0.0,439.0,339.0,0,439,339,0,439,339,,,,100,433.2857142857143,0.0,4,9,250,0,1
2024-09-07,0.0,433.0,328.0,0,433,328,0,433,328,,,,105,434.85714285714283,0.0,5,9,251,1,1
2024-09-08,0.0,433.0,311.0,0,433,311,0,433,311,,,,122,436.42857142857144,0.0,6,9,252,1,0
2024-09-09,0.0,433.0,294.0,0,433,294,0,433,294,,,,139,438.0,0.0,0,9,253,0,0
2024-09-10,0.0,433.0,283.0,0,433,283,0,433,283,,,,150,439.57142857142856,0.0,1,9,254,0,0
2024-09-11,0.0,428.0,278.0,0,428,278,0,428,278,,,,150,438.0,0.0,2,9,255,0,0
2024-09-12,0.0,428.0,272.0,0,428,272,0,428,272,,,,156,432.42857142857144,0.0,3,9,256,0,0
2024-09-13,0.0,417.0,256.0,0,417,256,0,417,256,,,,161,429.2857142857143,0.0,4,9,257,0,0
2024-09-14,0.0,400.0,300.0,0,400,300,0,400,300,,,,100,424.57142857142856,0.0,5,9,258,1,0
2024-09-15,0.0,411.0,300.0,0,411,300,0,411,300,,,,111,421.42857142857144,0.0,6,9,259,1,0
2024-09-16,0.0,389.0,283.0,0,389,283,0,389,283,,,,106,415.14285714285717,0.0,0,9,260,0,0
2024-09-17,0.0,339.0,256.0,0,339,256,0,339,256,,,,83,401.7142857142857,0.0,1,9,261,0,0
2024-09-18,0.0,361.0,228.0,0,361,228,0,361,228,,,,133,392.14285714285717,0.0,2,9,262,0,0
2024-09-19,0.0,367.0,233.0,0,367,233,0,367,233,,,,134,383.42857142857144,0.0,3,9,263,0,0
2024-09-20,0.0,361.0,250.0,0,361,250,0,361,250,,,,111,375.42857142857144,0.0,4,9,264,0,0
2024-09-21,0.0,322.0,228.0,0,322,228,0,322,228,,,,94,364.2857142857143,0.0,5,9,265,1,0
2024-09-22,0.0,372.0,228.0,0,372,228,0,372,228,,,,144,358.7142857142857,0.0,6,9,266,1,0
2024-09-23,0.0,406.0,250.0,0,406,250,0,406,250,,,,156,361.14285714285717,0.0,0,9,267,0,0
2024-09-24,0.0,422.0,256.0,0,422,256,0,422,256,,,,166,373.0,0.0,1,9,268,0,0
2024-09-25,0.0,450.0,267.0,0,450,267,0,450,267,,,,183,385.7142857142857,0.0,2,9,269,0,0
2024-09-26,0.0,433.0,278.0,0,433,278,0,433,278,,,,155,395.14285714285717,0.0,3,9,270,0,0
2024-09-27,0.0,450.0,283.0,0,450,283,0,450,283,,,,167,407.85714285714283,0.0,4,9,271,0,0
2024-09-28,0.0,472.0,294.0,0,472,294,0,472,294,,,,178,429.2857142857143,0.0,5,9,272,1,0
2024-09-29,0.0,450.0,311.0,0,450,311,0,450,311,,,,139,440.42857142857144,0.0,6,9,273,1,0
2024-09-30,0.0,417.0,283.0,0,417,283,0,417,283,,,,134,442.0,0.0,0,9,274,0,0
2024-10-01,0.0,450.0,289.0,0,450,289,0,450,289,,,,161,446.0,0.0,1,10,275,0,0
2024-10-02,0.0,422.0,300.0,0,422,300,0,422,300,,,,122,442.0,0.0,2,10,276,0,0
2024-10-03,0.0,428.0,278.0,0,428,278,0,428,278,,,,150,441.2857142857143,0.0,3,10,277,0,0
2024-10-04,0.0,422.0,272.0,0,422,272,0,422,272,,,,150,437.2857142857143,0.0,4,10,278,0,0
2024-10-05,0.0,439.0,267.0,0,439,267,0,439,267,,,,172,432.57142857142856,0.0,5,10,279,1,0
2024-10-06,0.0,450.0,267.0,0,450,267,0,450,267,,,,183,432.57142857142856,0.0,6,10,280,1,0
2024-10-07,0.0,433.0,272.0,0,433,272,0,433,272,,,,161,434.85714285714283,0.0,0,10,281,0,0
2024-10-08,0.0,422.0,272.0,0,422,272,0,422,272,,,,150,430.85714285714283,0.0,1,10,282,0,0
2024-10-09,0.0,411.0,261.0,0,411,261,0,411,261,,,,150,429.2857142857143,0.0,2,10,283,0,0
2024-10-10,0.0,417.0,256.0,0,417,256,0,417,256,,,,161,427.7142857142857,0.0,3,10,284,0,0
2024-10-11,0.0,400.0,256.0,0,400,256,0,400,256,,,,144,424.57142857142856,0.0,4,10,285,0,0
2024-10-12,0.0,400.0,244.0,0,400,244,0,400,244,,,,156,419.0,0.0,5,10,286,1,0
2024-10-13,0.0,394.0,239.0,0,394,239,0,394,239,,,,155,411.0,0.0,6,10,287,1,0
2024-10-14,0.0,394.0,239.0,0,394,239,0,394,239,,,,155,405.42857142857144,0.0,0,10,288,0,0
2024-10-15,0.0,372.0,228.0,0,372,228,0,372,228,,,,144,398.2857142857143,0.0,1,10,289,0,0
2024-10-16,0.0,372.0,217.0,0,372,217,0,372,217,,,,155,392.7142857142857,0.0,2,10,290,0,0
2024-10-17,0.0,322.0,222.0,0,322,222,0,322,222,,,,100,379.14285714285717,0.0,3,10,291,0,0
2024-10-18,0.0,261.0,172.0,0,261,172,0,261,172,,,,89,359.2857142857143,0.0,4,10,292,0,0
2024-10-19,0.0,233.0,150.0,0,233,150,0,233,150,,,,83,335.42857142857144,0.0,5,10,293,1,0
2024-10-20,0.0,278.0,150.0,0,278,150,0,278,150,,,,128,318.85714285714283,0.0,6,10,294,1,0
2024-10-21,0.0,322.0,161.0,0,322,161,0,322,161,,,,161,308.57142857142856,0.0,0,10,295,0,0
2024-10-22,0.0,350.0,167.0,0,350,167,0,350,167,,,,183,305.42857142857144,0.0,1,10,296,0,0
2024-10-23,0.0,367.0,194.0,0,367,194,0,367,194,,,,173,304.7142857142857,0.0,2,10,297,0,0
2024-10-24,0.0,356.0,189.0,0,356,189,0,356,189,,,,167,309.57142857142856,0.0,3,10,298,0,0
2024-10-25,0.0,361.0,183.0,0,361,183,0,361,183,,,,178,323.85714285714283,0.0,4,10,299,0,0
2024-10-26,0.0,378.0,189.0,0,378,189,0,378,189,,,,189,344.57142857142856,0.0,5,10,300,1,0
2024-10-27,0.0,356.0,206.0,0,356,206,0,356,206,,,,150,355.7142857142857,0.0,6,10,301,1,0
2024-10-28,0.0,350.0,178.0,0,350,178,0,350,178,,,,172,359.7142857142857,0.0,0,10,302,0,0
2024-10-29,0.0,261.0,167.0,0,261,167,0,261,167,,,,94,347.0,0.0,1,10,303,0,0
2024-10-30,0.0,250.0,128.0,0,250,128,0,250,128,,,,122,330.2857142857143,0.0,2,10,304,0,0
2024-10-31,0.0,272.0,122.0,0,272,122,0,272,122,,,,150,318.2857142857143,0.0,3,10,305,0,0
2024-11-01,0.0,272.0,133.0,0,272,133,0,272,133,,,,139,305.57142857142856,0.0,4,11,306,0,0
2024-11-02,0.0,261.0,128.0,0,261,128,0,261,128,,,,133,288.85714285714283,0.0,5,11,307,1,0
2024-11-03,0.0,228.0,144.0,0,228,144,0,228,144,,,,84,270.57142857142856,0.0,6,11,308,1,0
2024-11-04,0.0,228.0,111.0,0,228,111,0,228,111,,,,117,253.14285714285714,0.0,0,11,309,0,0
2024-11-05,0.0,233.0,106.0,0,233,106,0,233,106,,,,127,249.14285714285714,0.0,1,11,310,0,0
2024-11-06,0.0,217.0,100.0,0,217,100,0,217,100,,,,117,244.42857142857142,0.0,2,11,311,0,0
2024-11-07,0.0,200.0,89.0,0,200,89,0,200,89,,,,111,234.14285714285714,0.0,3,11,312,0,0
2024-11-08,0.0,217.0,89.0,0,217,89,0,217,89,,,,128,226.28571428571428,0.0,4,11,313,0,0
2024-11-09,0.0,239.0,89.0,0,239,89,0,239,89,,,,150,223.14285714285714,0.0,5,11,314,1,0
2024-11-10,0.0,294.0,111.0,0,294,111,0,294,111,,,,183,232.57142857142858,0.0,6,11,315,1,0
2024-11-11,0.0,289.0,128.0,0,289,128,0,289,128,,,,161,241.28571428571428,0.0,0,11,316,0,0
2024-11-12,0.0,250.0,111.0,0,250,111,0,250,111,,,,139,243.71428571428572,0.0,1,11,317,0,0
2024-11-13,0.0,256.0,94.0,0,256,94,0,256,94,,,,162,249.28571428571428,0.0,2,11,318,0,0
2024-11-14,0.0,289.0,117.0,0,289,117,0,289,117,,,,172,262.0,0.0,3,11,319,0,0
2024-11-15,0.0,239.0,106.0,0,239,106,0,239,106,,,,133,265.14285714285717,0.0,4,11,320,0,0
2024-11-16,0.0,183.0,117.0,0,183,117,0,183,117,,,,66,257.14285714285717,0.0,5,11,321,1,0
2024-11-17,0.0,217.0,78.0,0,217,78,0,217,78,,,,139,246.14285714285714,0.0,6,11,322,1,0
2024-11-18,0.0,206.0,89.0,0,206,89,0,206,89,,,,117,234.28571428571428,0.0,0,11,323,0,0
2024-11-19,0.0,217.0,89.0,0,217,89,0,217,89,,,,128,229.57142857142858,0.0,1,11,324,0,0
2024-11-20,0.0,267.0,94.0,0,267,94,0,267,94,,,,173,231.14285714285714,0.0,2,11,325,0,0
2024-11-21,0.0,267.0,94.0,0,267,94,0,267,94,,,,173,228.0,0.0,3,11,326,0,0
2024-11-22,0.0,294.0,111.0,0,294,111,0,294,111,,,,183,235.85714285714286,0.0,4,11,327,0,0
2024-11-23,0.0,267.0,106.0,0,267,106,0,267,106,,,,161,247.85714285714286,0.0,5,11,328,1,0
2024-11-24,0.0,256.0,106.0,0,256,106,0,256,106,,,,150,253.42857142857142,0.0,6,11,329,1,0
2024-11-25,0.0,261.0,133.0,0,261,133,0,261,133,,,,128,261.2857142857143,0.0,0,11,330,0,0
2024-11-26,0.0,261.0,128.0,0,261,128,0,261,128,,,,133,267.57142857142856,0.0,1,11,331,0,0
2024-11-27,0.0,250.0,150.0,0,250,150,0,250,150,,,,100,265.14285714285717,0.0,2,11,332,0,0
2024-11-28,0.0,233.0,128.0,0,233,128,0,233,128,,,,105,260.2857142857143,0.0,3,11,333,0,0
2024-11-29,0.0,239.0,111.0,0,239,111,0,239,111,,,,128,252.42857142857142,0.0,4,11,334,0,0
2024-11-30,0.0,261.0,122.0,0,261,122,0,261,122,,,,139,251.57142857142858,0.0,5,11,335,1,0
2024-12-01,0.0,261.0,106.0,0,261,106,0,261,106,,,,155,252.28571428571428,0.0,6,12,336,1,0
2024-12-02,0.0,272.0,111.0,0,272,111,0,272,111,,,,161,253.85714285714286,0.0,0,12,337,0,0
2024-12-03,0.0,283.0,128.0,0,283,128,0,283,128,,,,155,257.0,0.0,1,12,338,0,0
2024-12-04,0.0,256.0,117.0,0,256,117,0,256,117,,,,139,257.85714285714283,0.0,2,12,339,0,0
2024-12-05,0.0,256.0,111.0,0,256,111,0,256,111,,,,145,261.14285714285717,0.0,3,12,340,0,0
2024-12-06,0.0,261.0,133.0,0,261,133,0,261,133,,,,128,264.2857142857143,0.0,4,12,341,0,0
2024-12-07,0.0,256.0,128.0,0,256,128,0,256,128,,,,128,263.57142857142856,0.0,5,12,342,1,0
2024-12-08,0.0,239.0,111.0,0,239,111,0,239,111,,,,128,260.42857142857144,0.0,6,12,343,1,0
2024-12-09,0.0,233.0,100.0,0,233,100,0,233,100,,,,133,254.85714285714286,0.0,0,12,344,0,0
2024-12-10,0.0,200.0,89.0,0,200,89,0,200,89,,,,111,243.0,0.0,1,12,345,0,0
2024-12-11,0.0,217.0,61.0,0,217,61,0,217,61,,,,156,237.42857142857142,0.0,2,12,346,0,0
2024-12-12,0.0,239.0,117.0,0,239,117,0,239,117,,,,122,235.0,0.0,3,12,347,0,0
2024-12-13,0.0,206.0,89.0,0,206,89,0,206,89,,,,117,227.14285714285714,0.0,4,12,348,0,0
2024-12-14,0.0,211.0,89.0,0,211,89,0,211,89,,,,122,220.71428571428572,0.0,5,12,349,1,0
2024-12-15,0.0,228.0,72.0,0,228,72,0,228,72,,,,156,219.14285714285714,0.0,6,12,350,1,0
2024-12-16,0.0,217.0,72.0,0,217,72,0,217,72,,,,145,216.85714285714286,0.0,0,12,351,0,0
2024-12-17,0.0,222.0,72.0,0,222,72,0,222,72,,,,150,220.0,0.0,1,12,352,0,0
2024-12-18,0.0,283.0,78.0,0,283,78,0,283,78,,,,205,229.42857142857142,0.0,2,12,353,0,0
2024-12-19,0.0,283.0,106.0,0,283,106,0,283,106,,,,177,235.71428571428572,0.0,3,12,354,0,0
2024-12-20,0.0,283.0,111.0,0,283,111,0,283,111,,,,172,246.71428571428572,0.0,4,12,355,0,0
2024-12-21,0.0,261.0,100.0,0,261,100,0,261,100,,,,161,253.85714285714286,0.0,5,12,356,1,0
2024-12-22,0.0,239.0,94.0,0,239,94,0,239,94,,,,145,255.42857142857142,0.0,6,12,357,1,0
2024-12-23,0.0,256.0,117.0,0,256,117,0,256,117,,,,139,261.0,0.0,0,12,358,0,0
2024-12-24,0.0,256.0,100.0,0,256,100,0,256,100,,,,156,265.85714285714283,0.0,1,12,359,0,0
2024-12-25,0.0,211.0,106.0,0,211,106,0,211,106,,,,105,255.57142857142858,0.0,2,12,360,0,0
2024-12-26,0.0,183.0,94.0,0,183,94,0,183,94,,,,89,241.28571428571428,0.0,3,12,361,0,0
2024-12-27,0.0,206.0,72.0,0,206,72,0,206,72,,,,134,230.28571428571428,0.0,4,12,362,0,0
2024-12-28,0.0,211.0,72.0,0,211,72,0,211,72,,,,139,223.14285714285714,0.0,5,12,363,1,0
2024-12-29,0.0,239.0,78.0,0,239,78,0,239,78,,,,161,223.14285714285714,0.0,6,12,364,1,0
2024-12-30,0.0,233.0,78.0,0,233,78,0,233,78,,,,155,219.85714285714286,0.0,0,12,365,0,0
2024-12-31,0.0,228.0,83.0,0,228,83,0,228,83,,,,145,215.85714285714286,0.0,1,12,366,0,0
2025-01-01,0.0,222.0,72.0,0,222,72,0,222,72,,,,150,217.42857142857142,0.0,2,1,1,0,0
2025-01-02,0.0,250.0,83.0,0,250,83,0,250,83,,,,167,227.0,0.0,3,1,2,0,0
2025-01-03,0.0,272.0,100.0,0,272,100,0,272,100,,,,172,236.42857142857142,0.0,4,1,3,0,0
2025-01-04,0.0,228.0,83.0,0,228,83,0,228,83,,,,145,238.85714285714286,0.0,5,1,4,1,0
2025-01-05,0.0,217.0,72.0,0,217,72,0,217,72,,,,145,235.71428571428572,0.0,6,1,5,1,0
2025-01-06,0.0,222.0,72.0,0,222,72,0,222,72,,,,150,234.14285714285714,0.0,0,1,6,0,0
2025-01-07,0.0,206.0,83.0,0,206,83,0,206,83,,,,123,231.0,0.0,1,1,7,0,0
2025-01-08,0.0,200.0,106.0,0,200,106,0,200,106,,,,94,227.85714285714286,0.0,2,1,8,0,0
2025-01-09,0.0,183.0,61.0,0,183,61,0,183,61,,,,122,218.28571428571428,0.0,3,1,9,0,0
2025-01-10,0.0,183.0,50.0,0,183,50,0,183,50,,,,133,205.57142857142858,0.0,4,1,10,0,0
2025-01-11,0.0,178.0,44.0,0,178,44,0,178,44,,,,134,198.42857142857142,0.0,5,1,11,1,0
2025-01-12,0.0,183.0,28.0,0,183,28,0,183,28,,,,155,193.57142857142858,0.0,6,1,12,1,0
2025-01-13,0.0,167.0,28.0,0,167,28,0,167,28,,,,139,185.71428571428572,0.0,0,1,13,0,0
2025-01-14,0.0,189.0,28.0,0,189,28,0,189,28,,,,161,183.28571428571428,0.0,1,1,14,0,0
2025-01-15,0.0,222.0,44.0,0,222,44,0,222,44,,,,178,186.42857142857142,0.0,2,1,15,0,0
2025-01-16,0.0,244.0,117.0,0,244,117,0,244,117,,,,127,195.14285714285714,0.0,3,1,16,0,0
2025-01-17,0.0,200.0,94.0,0,200,94,0,200,94,,,,106,197.57142857142858,0.0,4,1,17,0,0
2025-01-18,0.0,194.0,56.0,0,194,56,0,194,56,,,,138,199.85714285714286,0.0,5,1,18,1,0
2025-01-19,0.0,194.0,56.0,0,194,56,0,194,56,,,,138,201.42857142857142,0.0,6,1,19,1,0
2025-01-20,0.0,194.0,39.0,0,194,39,0,194,39,,,,155,205.28571428571428,0.0,0,1,20,0,0
2025-01-21,0.0,161.0,50.0,0,161,50,0,161,50,,,,111,201.28571428571428,0.0,1,1,21,0,0
2025-01-22,0.0,172.0,33.0,0,172,33,0,172,33,,,,139,194.14285714285714,0.0,2,1,22,0,0
2025-01-23,0.0,183.0,28.0,0,183,28,0,183,28,,,,155,185.42857142857142,0.0,3,1,23,0,0
2025-01-24,0.0,206.0,61.0,0,206,61,0,206,61,,,,145,186.28571428571428,0.0,4,1,24,0,0
2025-01-25,0.0,211.0,83.0,0,211,83,0,211,83,,,,128,188.71428571428572,0.0,5,1,25,1,0
2025-01-26,0.0,217.0,61.0,0,217,61,0,217,61,,,,156,192.0,0.0,6,1,26,1,0
2025-01-27,0.0,167.0,78.0,0,167,78,0,167,78,,,,89,188.14285714285714,0.0,0,1,27,0,0
2025-01-28,0.0,167.0,67.0,0,167,67,0,167,67,,,,100,189.0,0.0,1,1,28,0,0
2025-01-29,3.0,150.0,72.0,3,150,72,3,150,72,,,,78,185.85714285714286,0.42857142857142855,2,1,29,0,0
2025-01-30,0.0,172.0,56.0,0,172,56,0,172,56,,,,116,184.28571428571428,0.42857142857142855,3,1,30,0,0
2025-01-31,0.0,206.0,56.0,0,206,56,0,206,56,,,,150,184.28571428571428,0.42857142857142855,4,1,31,0,0
2025-02-01,0.0,233.0,83.0,0,233,83,0,233,83,,,,150,187.42857142857142,0.42857142857142855,5,2,32,1,0
2025-02-02,0.0,278.0,106.0,0,278,106,0,278,106,,,,172,196.14285714285714,0.42857142857142855,6,2,33,1,0
2025-02-03,0.0,300.0,117.0,0,300,117,0,300,117,,,,183,215.14285714285714,0.42857142857142855,0,2,34,0,0
2025-02-04,0.0,300.0,133.0,0,300,133,0,300,133,,,,167,234.14285714285714,0.42857142857142855,1,2,35,0,0
2025-02-05,0.0,272.0,122.0,0,272,122,0,272,122,,,,150,251.57142857142858,0.0,2,2,36,0,0
2025-02-06,0.0,267.0,117.0,0,267,117,0,267,117,,,,150,265.14285714285717,0.0,3,2,37,0,0
2025-02-07,0.0,261.0,117.0,0,261,117,0,261,117,,,,144,273.0,0.0,4,2,38,0,0
2025-02-08,0.0,261.0,128.0,0,261,128,0,261,128,,,,133,277.0,0.0,5,2,39,1,0
2025-02-09,0.0,250.0,128.0,0,250,128,0,250,128,,,,122,273.0,0.0,6,2,40,1,0
2025-02-10,0.0,261.0,122.0,0,261,122,0,261,122,,,,139,267.42857142857144,0.0,0,2,41,0,0
2025-02-11,0.0,217.0,111.0,0,217,111,0,217,111,,,,106,255.57142857142858,0.0,1,2,42,0,0
2025-02-12,0.0,172.0,117.0,0,172,117,0,172,117,,,,55,241.28571428571428,0.0,2,2,43,0,0
2025-02-13,0.0,222.0,94.0,0,222,94,0,222,94,,,,128,234.85714285714286,0.0,3,2,44,0,0
2025-02-14,5.0,222.0,139.0,5,222,139,5,222,139,,,,83,229.28571428571428,0.7142857142857143,4,2,45,0,0
2025-02-15,0.0,222.0,94.0,0,222,94,0,222,94,,,,128,223.71428571428572,0.7142857142857143,5,2,46,1,0
2025-02-16,0.0,239.0,100.0,0,239,100,0,239,100,,,,139,222.14285714285714,0.7142857142857143,6,2,47,1,0
2025-02-17,0.0,250.0,111.0,0,250,111,0,250,111,,,,139,220.57142857142858,0.7142857142857143,0,2,48,0,0
2025-02-18,0.0,256.0,106.0,0,256,106,0,256,106,,,,150,226.14285714285714,0.7142857142857143,1,2,49,0,0
2025-02-19,0.0,261.0,111.0,0,261,111,0,261,111,,,,150,238.85714285714286,0.7142857142857143,2,2,50,0,0
2025-02-20,0.0,261.0,106.0,0,261,106,0,261,106,,,,155,244.42857142857142,0.7142857142857143,3,2,51,0,0
2025-02-21,0.0,256.0,106.0,0,256,106,0,256,106,,,,150,249.28571428571428,0.0,4,2,52,0,0
2025-02-22,0.0,267.0,106.0,0,267,106,0,267,106,,,,161,255.71428571428572,0.0,5,2,53,1,0
2025-02-23,0.0,278.0,111.0,0,278,111,0,278,111,,,,167,261.2857142857143,0.0,6,2,54,1,0
2025-02-24,0.0,300.0,117.0,0,300,117,0,300,117,,,,183,268.42857142857144,0.0,0,2,55,0,0
2025-02-25,0.0,322.0,139.0,0,322,139,0,322,139,,,,183,277.85714285714283,0.0,1,2,56,0,0
2025-02-26,0.0,317.0,150.0,0,317,150,0,317,150,,,,167,285.85714285714283,0.0,2,2,57,0,0
2025-02-27,0.0,289.0,139.0,0,289,139,0,289,139,,,,150,289.85714285714283,0.0,3,2,58,0,0
2025-02-28,0.0,278.0,128.0,0,278,128,0,278,128,,,,150,293.0,0.0,4,2,59,0,0
2025-03-01,0.0,294.0,144.0,0,294,144,0,294,144,,,,150,296.85714285714283,0.0,5,3,60,1,0
2025-03-02,0.0,267.0,128.0,0,267,128,0,267,128,,,,139,295.2857142857143,0.0,6,3,61,1,0
2025-03-03,0.0,194.0,111.0,0,194,111,0,194,111,,,,83,280.14285714285717,0.0,0,3,62,0,0
2025-03-04,0.0,228.0,94.0,0,228,94,0,228,94,,,,134,266.7142857142857,0.0,1,3,63,0,0
2025-03-05,0.0,244.0,106.0,0,244,106,0,244,106,,,,138,256.2857142857143,0.0,2,3,64,0,0
2025-03-06,0.0,222.0,167.0,0,222,167,0,222,167,,,,55,246.71428571428572,0.0,3,3,65,0,0
2025-03-07,99.0,167.0,83.0,99,167,83,99,167,83,,,,84,230.85714285714286,14.142857142857142,4,3,66,0,0
2025-03-08,0.0,200.0,83.0,0,200,83,0,200,83,,,,117,217.42857142857142,14.142857142857142,5,3,67,1,0
2025-03-09,0.0,256.0,100.0,0,256,100,0,256,100,,,,156,215.85714285714286,14.142857142857142,6,3,68,1,0
2025-03-10,0.0,300.0,117.0,0,300,117,0,300,117,,,,183,231.0,14.142857142857142,0,3,69,0,0
2025-03-11,30.0,272.0,133.0,30,272,133,30,272,133,,,,139,237.28571428571428,18.428571428571427,1,3,70,0,0
2025-03-12,18.0,239.0,139.0,18,239,139,18,239,139,,,,100,236.57142857142858,21.0,2,3,71,0,0
2025-03-13,41.0,239.0,106.0,41,239,106,41,239,106,,,,133,239.0,26.857142857142858,3,3,72,0,0
2025-03-14,3.0,144.0,78.0,3,144,78,3,144,78,,,,66,235.71428571428572,13.142857142857142,4,3,73,0,0
2025-03-15,23.0,200.0,83.0,23,200,83,23,200,83,,,,117,235.71428571428572,16.428571428571427,5,3,74,1,0
2025-03-16,0.0,239.0,100.0,0,239,100,0,239,100,,,,139,233.28571428571428,16.428571428571427,6,3,75,1,0
2025-03-17,0.0,278.0,133.0,0,278,133,0,278,133,,,,145,230.14285714285714,16.428571428571427,0,3,76,0,0
2025-03-18,0.0,228.0,139.0,0,228,139,0,228,139,,,,89,223.85714285714286,12.142857142857142,1,3,77,0,0
2025-03-19,0.0,228.0,117.0,0,228,117,0,228,117,,,,111,222.28571428571428,9.571428571428571,2,3,78,0,0
2025-03-20,0.0,272.0,106.0,0,272,106,0,272,106,,,,166,227.0,3.7142857142857144,3,3,79,0,0
2025-03-21,0.0,289.0,128.0,0,289,128,0,289,128,,,,161,247.71428571428572,3.2857142857142856,4,3,80,0,0
2025-03-22,0.0,300.0,139.0,0,300,139,0,300,139,,,,161,262.0,0.0,5,3,81,1,0
2025-03-23,0.0,317.0,161.0,0,317,161,0,317,161,,,,156,273.14285714285717,0.0,6,3,82,1,0
2025-03-24,0.0,356.0,183.0,0,356,183,0,356,183,,,,173,284.2857142857143,0.0,0,3,83,0,0
2025-03-25,0.0,372.0,189.0,0,372,189,0,372,189,,,,183,304.85714285714283,0.0,1,3,84,0,0
2025-03-26,0.0,356.0,211.0,0,356,211,0,356,211,,,,145,323.14285714285717,0.0,2,3,85,0,0
2025-03-27,0.0,339.0,183.0,0,339,183,0,339,183,,,,156,332.7142857142857,0.0,3,3,86,0,0
2025-03-28,0.0,289.0,183.0,0,289,183,0,289,183,,,,106,332.7142857142857,0.0,4,3,87,0,0
2025-03-29,0.0,278.0,172.0,0,278,172,0,278,172,,,,106,329.57142857142856,0.0,5,3,88,1,0
2025-03-30,0.0,289.0,156.0,0,289,156,0,289,156,,,,133,325.57142857142856,0.0,6,3,89,1,0
2025-03-31,0.0,278.0,172.0,0,278,172,0,278,172,,,,106,314.42857142857144,0.0,0,3,90,0,0
2025-04-01,0.0,239.0,172.0,0,239,172,0,239,172,,,,67,295.42857142857144,0.0,1,4,91,0,0
2025-04-02,0.0,200.0,133.0,0,200,133,0,200,133,,,,67,273.14285714285717,0.0,2,4,92,0,0
2025-04-03,0.0,211.0,111.0,0,211,111,0,211,111,,,,100,254.85714285714286,0.0,3,4,93,0,0
2025-04-04,0.0,222.0,122.0,0,222,122,0,222,122,,,,100,245.28571428571428,0.0,4,4,94,0,0
2025-04-05,0.0,261.0,122.0,0,261,122,0,261,122,,,,139,242.85714285714286,0.0,5,4,95,1,0
2025-04-06,0.0,272.0,144.0,0,272,144,0,272,144,,,,128,240.42857142857142,0.0,6,4,96,1,0
2025-04-07,0.0,311.0,144.0,0,311,144,0,311,144,,,,167,245.14285714285714,0.0,0,4,97,0,0
2025-04-08,0.0,344.0,172.0,0,344,172,0,344,172,,,,172,260.14285714285717,0.0,1,4,98,0,0
2025-04-09,0.0,367.0,178.0,0,367,178,0,367,178,,,,189,284.0,0.0,2,4,99,0,0
2025-04-10,0.0,378.0,200.0,0,378,200,0,378,200,,,,178,307.85714285714283,0.0,3,4,100,0,0
2025-04-11,0.0,394.0,206.0,0,394,206,0,394,206,,,,188,332.42857142857144,0.0,4,4,101,0,0
2025-04-12,0.0,372.0,200.0,0,372,200,0,372,200,,,,172,348.2857142857143,0.0,5,4,102,1,0
2025-04-13,0.0,344.0,206.0,0,344,206,0,344,206,,,,138,358.57142857142856,0.0,6,4,103,1,0
2025-04-14,0.0,339.0,206.0,0,339,206,0,339,206,,,,133,362.57142857142856,0.0,0,4,104,0,0
2025-04-15,0.0,344.0,194.0,0,344,194,0,344,194,,,,150,362.57142857142856,0.0,1,4,105,0,0
2025-04-16,0.0,350.0,189.0,0,350,189,0,350,189,,,,161,360.14285714285717,0.0,2,4,106,0,0
2025-04-17,0.0,278.0,178.0,0,278,178,0,278,178,,,,100,345.85714285714283,0.0,3,4,107,0,0
2025-04-18,38.0,261.0,117.0,38,261,117,38,261,117,,,,144,326.85714285714283,5.428571428571429,4,4,108,0,0
2025-04-19,0.0,239.0,122.0,0,239,122,0,239,122,,,,117,307.85714285714283,5.428571428571429,5,4,109,1,0
2025-04-20,0.0,289.0,144.0,0,289,144,0,289,144,,,,145,300.0,5.428571428571429,6,4,110,1,0
2025-04-21,0.0,328.0,172.0,0,328,172,0,328,172,,,,156,298.42857142857144,5.428571428571429,0,4,111,0,0
2025-04-22,0.0,350.0,178.0,0,350,178,0,350,178,,,,172,299.2857142857143,5.428571428571429,1,4,112,0,0
2025-04-23,0.0,328.0,189.0,0,328,189,0,328,189,,,,139,296.14285714285717,5.428571428571429,2,4,113,0,0
2025-04-24,0.0,333.0,183.0,0,333,183,0,333,183,,,,150,304.0,5.428571428571429,3,4,114,0,0
2025-04-25,0.0,344.0,189.0,0,344,189,0,344,189,,,,155,315.85714285714283,0.0,4,4,115,0,0
2025-04-26,0.0,300.0,183.0,0,300,183,0,300,183,,,,117,324.57142857142856,0.0,5,4,116,1,0
2025-04-27,0.0,267.0,167.0,0,267,167,0,267,167,,,,100,321.42857142857144,0.0,6,4,117,1,0
2025-04-28,0.0,278.0,150.0,0,278,150,0,278,150,,,,128,314.2857142857143,0.0,0,4,118,0,0
2025-04-29,0.0,311.0,172.0,0,311,172,0,311,172,,,,139,308.7142857142857,0.0,1,4,119,0,0
2025-04-30,0.0,328.0,178.0,0,328,178,0,328,178,,,,150,308.7142857142857,0.0,2,4,120,0,0
2025-05-01,0.0,344.0,200.0,0,344,200,0,344,200,,,,144,310.2857142857143,0.0,3,5,121,0,0
2025-05-02,0.0,344.0,217.0,0,344,217,0,344,217,,,,127,310.2857142857143,0.0,4,5,122,0,0
2025-05-03,0.0,361.0,211.0,0,361,211,0,361,211,,,,150,319.0,0.0,5,5,123,1,0
2025-05-04,0.0,283.0,183.0,0,283,183,0,283,183,,,,100,321.2857142857143,0.0,6,5,124,1,0
2025-05-05,0.0,233.0,150.0,0,233,150,0,233,150,,,,83,314.85714285714283,0.0,0,5,125,0,0
2025-05-06,0.0,250.0,167.0,0,250,167,0,250,167,,,,83,306.14285714285717,0.0,1,5,126,0,0
2025-05-07,0.0,300.0,183.0,0,300,183,0,300,183,,,,117,302.14285714285717,0.0,2,5,127,0,0
2025-05-08,0.0,350.0,189.0,0,350,189,0,350,189,,,,161,303.0,0.0,3,5,128,0,0
2025-05-09,0.0,400.0,228.0,0,400,228,0,400,228,,,,172,311.0,0.0,4,5,129,0,0
2025-05-10,0.0,394.0,256.0,0,394,256,0,394,256,,,,138,315.7142857142857,0.0,5,5,130,1,0
2025-05-11,0.0,400.0,250.0,0,400,250,0,400,250,,,,150,332.42857142857144,0.0,6,5,131,1,0
2025-05-12,0.0,383.0,267.0,0,383,267,0,383,267,,,,116,353.85714285714283,0.0,0,5,132,0,0
2025-05-13,0.0,322.0,239.0,0,322,239,0,322,239,,,,83,364.14285714285717,0.0,1,5,133,0,0
2025-05-14,0.0,289.0,189.0,0,289,189,0,289,189,,,,100,362.57142857142856,0.0,2,5,134,0,0
2025-05-15,0.0,317.0,183.0,0,317,183,0,317,183,,,,134,357.85714285714283,0.0,3,5,135,0,0
2025-05-16,0.0,344.0,194.0,0,344,194,0,344,194,,,,150,349.85714285714283,0.0,4,5,136,0,0
2025-05-17,0.0,350.0,211.0,0,350,211,0,350,211,,,,139,343.57142857142856,0.0,5,5,137,1,0
2025-05-18,0.0,300.0,194.0,0,300,194,0,300,194,,,,106,329.2857142857143,0.0,6,5,138,1,0
2025-05-19,0.0,344.0,211.0,0,344,211,0,344,211,,,,133,323.7142857142857,0.0,0,5,139,0,0
2025-05-20,0.0,372.0,211.0,0,372,211,0,372,211,,,,161,330.85714285714283,0.0,1,5,140,0,0
2025-05-21,0.0,389.0,217.0,0,389,217,0,389,217,,,,172,345.14285714285717,0.0,2,5,141,0,0
2025-05-22,0.0,411.0,233.0,0,411,233,0,411,233,,,,178,358.57142857142856,0.0,3,5,142,0,0
2025-05-23,0.0,394.0,233.0,0,394,233,0,394,233,,,,161,365.7142857142857,0.0,4,5,143,0,0
2025-05-24,0.0,378.0,239.0,0,378,239,0,378,239,,,,139,369.7142857142857,0.0,5,5,144,1,0
2025-05-25,0.0,367.0,228.0,0,367,228,0,367,228,,,,139,379.2857142857143,0.0,6,5,145,1,0
2025-05-26,0.0,378.0,228.0,0,378,228,0,378,228,,,,150,384.14285714285717,0.0,0,5,146,0,0
2025-05-27,0.0,383.0,239.0,0,383,239,0,383,239,,,,144,385.7142857142857,0.0,1,5,147,0,0
2025-05-28,0.0,394.0,233.0,0,394,233,0,394,233,,,,161,386.42857142857144,0.0,2,5,148,0,0
2025-05-29,0.0,383.0,261.0,0,383,261,0,383,261,,,,122,382.42857142857144,0.0,3,5,149,0,0
2025-05-30,0.0,400.0,228.0,0,400,228,0,400,228,,,,172,383.2857142857143,0.0,4,5,150,0,0
2025-05-31,0.0,389.0,278.0,0,389,278,0,389,278,,,,111,384.85714285714283,0.0,5,5,151,1,0
2025-06-01,61.0,328.0,206.0,61,328,206,61,328,206,,,,122,379.2857142857143,8.714285714285714,6,6,152,1,0
2025-06-02,18.0,317.0,194.0,18,317,194,18,317,194,,,,123,370.57142857142856,11.285714285714286,0,6,153,0,0
2025-06-03,0.0,361.0,256.0,0,361,256,0,361,256,,,,105,367.42857142857144,11.285714285714286,1,6,154,0,0
2025-06-04,36.0,350.0,239.0,36,350,239,36,350,239,,,,111,361.14285714285717,16.428571428571427,2,6,155,0,0
2025-06-05,0.0,383.0,256.0,0,383,256,0,383,256,,,,127,361.14285714285717,16.428571428571427,3,6,156,0,0
2025-06-06,0.0,400.0,267.0,0,400,267,0,400,267,,,,133,361.14285714285717,16.428571428571427,4,6,157,0,0
2025-06-07,0.0,400.0,267.0,0,400,267,0,400,267,,,,133,362.7142857142857,16.428571428571427,5,6,158,1,0
2025-06-08,0.0,417.0,261.0,0,417,261,0,417,261,,,,156,375.42857142857144,7.714285714285714,6,6,159,1,0
2025-06-09,0.0,428.0,267.0,0,428,267,0,428,267,,,,161,391.2857142857143,5.142857142857143,0,6,160,0,0
2025-06-10,0.0,422.0,272.0,0,422,272,0,422,272,,,,150,400.0,5.142857142857143,1,6,161,0,0
2025-06-11,0.0,422.0,283.0,0,422,283,0,422,283,,,,139,410.2857142857143,0.0,2,6,162,0,0
2025-06-12,0.0,422.0,289.0,0,422,289,0,422,289,,,,133,415.85714285714283,0.0,3,6,163,0,0
2025-06-13,0.0,422.0,278.0,0,422,278,0,422,278,,,,144,419.0,0.0,4,6,164,0,0
2025-06-14,0.0,433.0,278.0,0,433,278,0,433,278,,,,155,423.7142857142857,0.0,5,6,165,1,0
2025-06-15,0.0,456.0,272.0,0,456,272,0,456,272,,,,184,429.2857142857143,0.0,6,6,166,1,0
2025-06-16,0.0,456.0,283.0,0,456,283,0,456,283,,,,173,433.2857142857143,0.0,0,6,167,0,0
2025-06-17,0.0,433.0,300.0,0,433,300,0,433,300,,,,133,434.85714285714283,0.0,1,6,168,0,1
2025-06-18,0.0,456.0,283.0,0,456,283,0,456,283,,,,173,439.7142857142857,0.0,2,6,169,0,1
2025-06-19,0.0,472.0,294.0,0,472,294,0,472,294,,,,178,446.85714285714283,0.0,3,6,170,0,1
2025-06-20,0.0,433.0,289.0,0,433,289,0,433,289,,,,144,448.42857142857144,0.0,4,6,171,0,0
2025-06-21,0.0,411.0,278.0,0,411,278,0,411,278,,,,133,445.2857142857143,0.0,5,6,172,1,0
2025-06-22,0.0,372.0,261.0,0,372,261,0,372,261,,,,111,433.2857142857143,0.0,6,6,173,1,0
2025-06-23,0.0,400.0,267.0,0,400,267,0,400,267,,,,133,425.2857142857143,0.0,0,6,174,0,0
2025-06-24,0.0,406.0,272.0,0,406,272,0,406,272,,,,134,421.42857142857144,0.0,1,6,175,0,0
2025-06-25,0.0,394.0,261.0,0,394,261,0,394,261,,,,133,412.57142857142856,0.0,2,6,176,0,0
2025-06-26,0.0,406.0,272.0,0,406,272,0,406,272,,,,134,403.14285714285717,0.0,3,6,177,0,0
2025-06-27,0.0,417.0,278.0,0,417,278,0,417,278,,,,139,400.85714285714283,0.0,4,6,178,0,1
2025-06-28,0.0,428.0,306.0,0,428,306,0,428,306,,,,122,403.2857142857143,0.0,5,6,179,1,1
2025-06-29,0.0,456.0,306.0,0,456,306,0,456,306,,,,150,415.2857142857143,0.0,6,6,180,1,1
2025-06-30,0.0,467.0,322.0,0,467,322,0,467,322,,,,145,424.85714285714283,0.0,0,6,181,0,1
2025-07-01,0.0,444.0,339.0,0,444,339,0,444,339,,,,105,430.2857142857143,0.0,1,7,182,0,1
2025-07-02,41.0,428.0,256.0,41,428,256,41,428,256,,,,172,435.14285714285717,5.857142857142857,2,7,183,0,1
2025-07-03,0.0,389.0,256.0,0,389,256,0,389,256,,,,133,432.7142857142857,5.857142857142857,3,7,184,0,0
2025-07-04,0.0,394.0,278.0,0,394,278,0,394,278,,,,116,429.42857142857144,5.857142857142857,4,7,185,0,0
2025-07-05,0.0,417.0,300.0,0,417,300,0,417,300,,,,117,427.85714285714283,5.857142857142857,5,7,186,1,0
2025-07-06,0.0,433.0,300.0,0,433,300,0,433,300,,,,133,424.57142857142856,5.857142857142857,6,7,187,1,0
2025-07-07,0.0,439.0,328.0,0,439,328,0,439,328,,,,111,420.57142857142856,5.857142857142857,0,7,188,0,0
2025-07-08,0.0,444.0,333.0,0,444,333,0,444,333,,,,111,420.57142857142856,5.857142857142857,1,7,189,0,1
2025-07-09,0.0,478.0,339.0,0,478,339,0,478,339,,,,139,427.7142857142857,0.0,2,7,190,0,1
2025-07-10,0.0,450.0,350.0,0,450,350,0,450,350,,,,100,436.42857142857144,0.0,3,7,191,0,1
2025-07-11,0.0,439.0,322.0,0,439,322,0,439,322,,,,117,442.85714285714283,0.0,4,7,192,0,1
2025-07-12,0.0,422.0,311.0,0,422,311,0,422,311,,,,111,443.57142857142856,0.0,5,7,193,1,1
2025-07-13,0.0,422.0,322.0,0,422,322,0,422,322,,,,100,442.0,0.0,6,7,194,1,0
2025-07-14,0.0,417.0,322.0,0,417,322,0,417,322,,,,95,438.85714285714283,0.0,0,7,195,0,1
2025-07-15,0.0,417.0,300.0,0,417,300,0,417,300,,,,117,435.0,0.0,1,7,196,0,1
2025-07-16,0.0,361.0,283.0,0,361,283,0,361,283,,,,78,418.2857142857143,0.0,2,7,197,0,1
2025-07-17,0.0,383.0,267.0,0,383,267,0,383,267,,,,116,408.7142857142857,0.0,3,7,198,0,1
2025-07-18,0.0,422.0,311.0,0,422,311,0,422,311,,,,111,406.2857142857143,0.0,4,7,199,0,1
2025-07-19,0.0,417.0,306.0,0,417,306,0,417,306,,,,111,405.57142857142856,0.0,5,7,200,1,0
2025-07-20,0.0,361.0,322.0,0,361,322,0,361,322,,,,39,396.85714285714283,0.0,6,7,201,1,0
2025-07-21,0.0,400.0,294.0,0,400,294,0,400,294,,,,106,394.42857142857144,0.0,0,7,202,0,0
2025-07-22,0.0,389.0,289.0,0,389,289,0,389,289,,,,100,390.42857142857144,0.0,1,7,203,0,1
2025-07-23,0.0,400.0,294.0,0,400,294,0,400,294,,,,106,396.0,0.0,2,7,204,0,0
2025-07-24,0.0,411.0,267.0,0,411,267,0,411,267,,,,144,400.0,0.0,3,7,205,0,0
2025-07-25,0.0,428.0,267.0,0,428,267,0,428,267,,,,161,400.85714285714283,0.0,4,7,206,0,0
2025-07-26,0.0,417.0,272.0,0,417,272,0,417,272,,,,145,400.85714285714283,0.0,5,7,207,1,0
2025-07-27,0.0,433.0,278.0,0,433,278,0,433,278,,,,155,411.14285714285717,0.0,6,7,208,1,0
2025-07-28,0.0,450.0,300.0,0,450,300,0,450,300,,,,150,418.2857142857143,0.0,0,7,209,0,0
2025-07-29,0.0,433.0,311.0,0,433,311,0,433,311,,,,122,424.57142857142856,0.0,1,7,210,0,1
2025-07-30,0.0,439.0,306.0,0,439,306,0,439,306,,,,133,430.14285714285717,0.0,2,7,211,0,1
2025-07-31,0.0,439.0,311.0,0,439,311,0,439,311,,,,128,434.14285714285717,0.0,3,7,212,0,1
2025-08-01,0.0,450.0,333.0,0,450,333,0,450,333,,,,117,437.2857142857143,0.0,4,8,213,0,0
2025-08-02,0.0,456.0,322.0,0,456,322,0,456,322,,,,134,442.85714285714283,0.0,5,8,214,1,1
2025-08-03,0.0,444.0,289.0,0,444,289,0,444,289,,,,155,444.42857142857144,0.0,6,8,215,1,0
2025-08-04,0.0,444.0,306.0,0,444,306,0,444,306,,,,138,443.57142857142856,0.0,0,8,216,0,1
2025-08-05,0.0,456.0,322.0,0,456,322,0,456,322,,,,134,446.85714285714283,0.0,1,8,217,0,1
2025-08-06,0.0,467.0,328.0,0,467,328,0,467,328,,,,139,450.85714285714283,0.0,2,8,218,0,1
2025-08-07,0.0,478.0,344.0,0,478,344,0,478,344,,,,134,456.42857142857144,0.0,3,8,219,0,1
2025-08-08,0.0,456.0,333.0,0,456,333,0,456,333,,,,123,457.2857142857143,0.0,4,8,220,0,1
2025-08-09,0.0,433.0,333.0,0,433,333,0,433,333,,,,100,454.0,0.0,5,8,221,1,1
2025-08-10,0.0,422.0,328.0,0,422,328,0,422,328,,,,94,450.85714285714283,0.0,6,8,222,1,1
2025-08-11,0.0,444.0,333.0,0,444,333,0,444,333,,,,111,450.85714285714283,0.0,0,8,223,0,1
2025-08-12,0.0,444.0,328.0,0,444,328,0,444,328,,,,116,449.14285714285717,0.0,1,8,224,0,1
2025-08-13,0.0,428.0,322.0,0,428,322,0,428,322,,,,106,443.57142857142856,0.0,2,8,225,0,0
2025-08-14,0.0,428.0,300.0,0,428,300,0,428,300,,,,128,436.42857142857144,0.0,3,8,226,0,0
2025-08-15,0.0,400.0,244.0,0,400,244,0,400,244,,,,156,428.42857142857144,0.0,4,8,227,0,0
2025-08-16,0.0,411.0,289.0,0,411,289,0,411,289,,,,122,425.2857142857143,0.0,5,8,228,1,0
2025-08-17,0.0,406.0,289.0,0,406,289,0,406,289,,,,117,423.0,0.0,6,8,229,1,0
2025-08-18,0.0,417.0,294.0,0,417,294,0,417,294,,,,123,419.14285714285717,0.0,0,8,230,0,0
2025-08-19,0.0,422.0,306.0,0,422,306,0,422,306,,,,116,416.0,0.0,1,8,231,0,0
2025-08-20,0.0,444.0,317.0,0,444,317,0,444,317,,,,127,418.2857142857143,0.0,2,8,232,0,1
2025-08-21,10.0,456.0,317.0,10,456,317,10,456,317,,,,139,422.2857142857143,1.4285714285714286,3,8,233,0,1
2025-08-22,0.0,444.0,317.0,0,444,317,0,444,317,,,,127,428.57142857142856,1.4285714285714286,4,8,234,0,1
2025-08-23,0.0,433.0,333.0,0,433,333,0,433,333,,,,100,431.7142857142857,1.4285714285714286,5,8,235,1,1
2025-08-24,0.0,439.0,333.0,0,439,333,0,439,333,,,,106,436.42857142857144,1.4285714285714286,6,8,236,1,1
2025-08-25,74.0,394.0,244.0,74,394,244,74,394,244,,,,150,433.14285714285717,12.0,0,8,237,0,1
2025-08-26,0.0,361.0,256.0,0,361,256,0,361,256,,,,105,424.42857142857144,12.0,1,8,238,0,1
2025-08-27,0.0,389.0,261.0,0,389,261,0,389,261,,,,128,416.57142857142856,12.0,2,8,239,0,1
2025-08-28,0.0,406.0,311.0,0,406,311,0,406,311,,,,95,409.42857142857144,10.571428571428571,3,8,240,0,1
2025-08-29,3.0,389.0,272.0,3,389,272,3,389,272,,,,117,401.57142857142856,11.0,4,8,241,0,1
2025-08-30,0.0,417.0,294.0,0,417,294,0,417,294,,,,123,399.2857142857143,11.0,5,8,242,1,1
2025-08-31,0.0,428.0,289.0,0,428,289,0,428,289,,,,139,397.7142857142857,11.0,6,8,243,1,1
2025-09-01,0.0,417.0,311.0,0,417,311,0,417,311,,,,106,401.0,0.42857142857142855,0,9,244,0,1
2025-09-02,0.0,428.0,300.0,0,428,300,0,428,300,,,,128,410.57142857142856,0.42857142857142855,1,9,245,0,1
2025-09-03,8.0,411.0,256.0,8,411,256,8,411,256,,,,155,413.7142857142857,1.5714285714285714,2,9,246,0,1
2025-09-04,38.0,361.0,239.0,38,361,239,38,361,239,,,,122,407.2857142857143,7.0,3,9,247,0,1
2025-09-05,0.0,361.0,272.0,0,361,272,0,361,272,,,,89,403.2857142857143,6.571428571428571,4,9,248,0,1
2025-09-06,0.0,378.0,289.0,0,378,289,0,378,289,,,,89,397.7142857142857,6.571428571428571,5,9,249,1,1
2025-09-07,0.0,389.0,283.0,0,389,283,0,389,283,,,,106,392.14285714285717,6.571428571428571,6,9,250,1,1
2025-09-08,0.0,406.0,311.0,0,406,311,0,406,311,,,,95,390.57142857142856,6.571428571428571,0,9,251,0,1
2025-09-09,0.0,411.0,300.0,0,411,300,0,411,300,,,,111,388.14285714285717,6.571428571428571,1,9,252,0,1
2025-09-10,0.0,422.0,300.0,0,422,300,0,422,300,,,,122,389.7142857142857,5.428571428571429,2,9,253,0,1
2025-09-11,0.0,400.0,278.0,0,400,278,0,400,278,,,,122,395.2857142857143,0.0,3,9,254,0,1
2025-09-12,0.0,389.0,278.0,0,389,278,0,389,278,,,,111,399.2857142857143,0.0,4,9,255,0,1
2025-09-13,0.0,361.0,244.0,0,361,244,0,361,244,,,,117,396.85714285714283,0.0,5,9,256,1,1
2025-09-14,0.0,383.0,244.0,0,383,244,0,383,244,,,,139,396.0,0.0,6,9,257,1,0
2025-09-15,0.0,406.0,250.0,0,406,250,0,406,250,,,,156,396.0,0.0,0,9,258,0,0
2025-09-16,0.0,406.0,278.0,0,406,278,0,406,278,,,,128,395.2857142857143,0.0,1,9,259,0,1
2025-09-17,0.0,383.0,300.0,0,383,300,0,383,300,,,,83,389.7142857142857,0.0,2,9,260,0,1
2025-09-18,56.0,383.0,250.0,56,383,250,56,383,250,,,,133,387.2857142857143,8.0,3,9,261,0,1
2025-09-19,3.0,367.0,261.0,3,367,261,3,367,261,,,,106,384.14285714285717,8.428571428571429,4,9,262,0,1
2025-09-20,0.0,389.0,272.0,0,389,272,0,389,272,,,,117,388.14285714285717,8.428571428571429,5,9,263,1,1
2025-09-21,0.0,372.0,278.0,0,372,278,0,372,278,,,,94,386.57142857142856,8.428571428571429,6,9,264,1,1
2025-09-22,0.0,333.0,267.0,0,333,267,0,333,267,,,,66,376.14285714285717,8.428571428571429,0,9,265,0,1
2025-09-23,0.0,383.0,261.0,0,383,261,0,383,261,,,,122,372.85714285714283,8.428571428571429,1,9,266,0,0
2025-09-24,0.0,417.0,272.0,0,417,272,0,417,272,,,,145,377.7142857142857,8.428571428571429,2,9,267,0,1
2025-09-25,0.0,417.0,289.0,0,417,289,0,417,289,,,,128,382.57142857142856,0.42857142857142855,3,9,268,0,1
2025-09-26,417.0,317.0,194.0,417,317,194,417,317,194,,,,123,375.42857142857144,59.57142857142857,4,9,269,0,1
2025-09-27,53.0,306.0,206.0,53,306,206,53,306,206,,,,100,363.57142857142856,67.14285714285714,5,9,270,1,0
2025-09-28,0.0,317.0,222.0,0,317,222,0,317,222,,,,95,355.7142857142857,67.14285714285714,6,9,271,1,0
2025-09-29,0.0,344.0,222.0,0,344,222,0,344,222,,,,122,357.2857142857143,67.14285714285714,0,9,272,0,0
2025-09-30,0.0,361.0,239.0,0,361,239,0,361,239,,,,122,354.14285714285717,67.14285714285714,1,9,273,0,0
2025-10-01,0.0,361.0,239.0,0,361,239,0,361,239,,,,122,346.14285714285717,67.14285714285714,2,10,274,0,0
2025-10-02,0.0,389.0,244.0,0,389,244,0,389,244,,,,145,342.14285714285717,67.14285714285714,3,10,275,0,0
2025-10-03,0.0,389.0,250.0,0,389,250,0,389,250,,,,139,352.42857142857144,7.571428571428571,4,10,276,0,0
2025-10-04,0.0,311.0,222.0,0,311,222,0,311,222,,,,89,353.14285714285717,0.0,5,10,277,1,0
2025-10-05,0.0,317.0,194.0,0,317,194,0,317,194,,,,123,353.14285714285717,0.0,6,10,278,1,0
2025-10-06,0.0,344.0,189.0,0,344,189,0,344,189,,,,155,353.14285714285717,0.0,0,10,279,0,0
2025-10-07,0.0,372.0,194.0,0,372,194,0,372,194,,,,178,354.7142857142857,0.0,1,10,280,0,0
2025-10-08,0.0,389.0,228.0,0,389,228,0,389,228,,,,161,358.7142857142857,0.0,2,10,281,0,0
2025-10-09,25.0,333.0,233.0,25,333,233,25,333,233,,,,100,350.7142857142857,3.5714285714285716,3,10,282,0,0
2025-10-10,66.0,339.0,222.0,66,339,222,66,339,222,,,,117,343.57142857142856,13.0,4,10,283,0,0
2025-10-11,178.0,278.0,206.0,178,278,206,178,278,206,,,,72,338.85714285714283,38.42857142857143,5,10,284,1,0
2025-10-12,500.0,267.0,206.0,500,267,206,500,267,206,,,,61,331.7142857142857,109.85714285714286,6,10,285,1,0
2025-10-13,58.0,283.0,206.0,58,283,206,58,283,206,,,,77,323.0,118.14285714285714,0,10,286,0,0
2025-10-14,0.0,294.0,200.0,0,294,200,0,294,200,,,,94,311.85714285714283,118.14285714285714,1,10,287,0,0
2025-10-15,0.0,261.0,189.0,0,261,189,0,261,189,,,,72,293.57142857142856,118.14285714285714,2,10,288,0,0
2025-10-16,0.0,272.0,161.0,0,272,161,0,272,161,,,,111,284.85714285714283,114.57142857142857,3,10,289,0,0
2025-10-17,0.0,283.0,161.0,0,283,161,0,283,161,,,,122,276.85714285714283,105.14285714285714,4,10,290,0,0
2025-10-18,0.0,300.0,167.0,0,300,167,0,300,167,,,,133,280.0,79.71428571428571,5,10,291,1,0
2025-10-19,0.0,322.0,178.0,0,322,178,0,322,178,,,,144,287.85714285714283,8.285714285714286,6,10,292,1,0
2025-10-20,0.0,317.0,172.0,0,317,172,0,317,172,,,,145,292.7142857142857,0.0,0,10,293,0,0
2025-10-21,0.0,322.0,183.0,0,322,183,0,322,183,,,,139,296.7142857142857,0.0,1,10,294,0,0
2025-10-22,0.0,333.0,222.0,0,333,222,0,333,222,,,,111,307.0,0.0,2,10,295,0,0
2025-10-23,0.0,289.0,178.0,0,289,178,0,289,178,,,,111,309.42857142857144,0.0,3,10,296,0,0
2025-10-24,0.0,294.0,172.0,0,294,172,0,294,172,,,,122,311.0,0.0,4,10,297,0,0
2025-10-25,0.0,311.0,172.0,0,311,172,0,311,172,,,,139,312.57142857142856,0.0,5,10,298,1,0
2025-10-26,0.0,322.0,167.0,0,322,167,0,322,167,,,,155,312.57142857142856,0.0,6,10,299,1,0
2025-10-27,0.0,322.0,172.0,0,322,172,0,322,172,,,,150,313.2857142857143,0.0,0,10,300,0,0
2025-10-28,0.0,333.0,178.0,0,333,178,0,333,178,,,,155,314.85714285714283,0.0,1,10,301,0,0
2025-10-29,0.0,328.0,172.0,0,328,172,0,328,172,,,,156,314.14285714285717,0.0,2,10,302,0,0
2025-10-30,0.0,322.0,183.0,0,322,183,0,322,183,,,,139,318.85714285714283,0.0,3,10,303,0,0
2025-10-31,0.0,311.0,178.0,0,311,178,0,311,178,,,,133,321.2857142857143,0.0,4,10,304,0,0
2025-11-01,0.0,311.0,167.0,0,311,167,0,311,167,,,,144,321.2857142857143,0.0,5,11,305,1,0
2025-11-02,0.0,328.0,161.0,0,328,161,0,328,161,,,,167,322.14285714285717,0.0,6,11,306,1,0
2025-11-03,0.0,317.0,172.0,0,317,172,0,317,172,,,,145,321.42857142857144,0.0,0,11,307,0,0
2025-11-04,0.0,328.0,167.0,0,328,167,0,328,167,,,,161,320.7142857142857,0.0,1,11,308,0,0
2025-11-05,0.0,311.0,161.0,0,311,161,0,311,161,,,,150,318.2857142857143,0.0,2,11,309,0,0
2025-11-06,0.0,306.0,161.0,0,306,161,0,306,161,,,,145,316.0,0.0,3,11,310,0,0
2025-11-07,0.0,294.0,156.0,0,294,156,0,294,156,,,,138,313.57142857142856,0.0,4,11,311,0,0
2025-11-08,0.0,300.0,161.0,0,300,161,0,300,161,,,,139,312.0,0.0,5,11,312,1,0
2025-11-09,0.0,322.0,161.0,0,322,161,0,322,161,,,,161,311.14285714285717,0.0,6,11,313,1,0
2025-11-10,0.0,311.0,189.0,0,311,189,0,311,189,,,,122,310.2857142857143,0.0,0,11,314,0,0
2025-11-11,0.0,311.0,172.0,0,311,172,0,311,172,,,,139,307.85714285714283,0.0,1,11,315,0,0
2025-11-12,0.0,300.0,161.0,0,300,161,0,300,161,,,,139,306.2857142857143,0.0,2,11,316,0,0
2025-11-13,0.0,311.0,178.0,0,311,178,0,311,178,,,,133,307.0,0.0,3,11,317,0,0
2025-11-14,0.0,317.0,161.0,0,317,161,0,317,161,,,,156,310.2857142857143,0.0,4,11,318,0,0
2025-11-15,0.0,283.0,161.0,0,283,161,0,283,161,,,,122,307.85714285714283,0.0,5,11,319,1,0
2025-11-16,0.0,244.0,172.0,0,244,172,0,244,172,,,,72,296.7142857142857,0.0,6,11,320,1,0
2025-11-17,13.0,244.0,133.0,13,244,133,13,244,133,,,,111,287.14285714285717,1.8571428571428572,0,11,321,0,0
2025-11-18,18.0,228.0,156.0,18,228,156,18,228,156,,,,72,275.2857142857143,4.428571428571429,1,11,322,0,0
2025-11-19,43.0,189.0,128.0,43,189,128,43,189,128,,,,61,259.42857142857144,10.571428571428571,2,11,323,0,0
2025-11-20,20.0,189.0,122.0,20,189,122,20,189,122,,,,67,242.0,13.428571428571429,3,11,324,0,0
2025-11-21,0.0,189.0,117.0,0,189,117,0,189,117,,,,72,223.71428571428572,13.428571428571429,4,11,325,0,0
2025-11-22,104.0,222.0,128.0,104,222,128,104,222,128,,,,94,215.0,28.285714285714285,5,11,326,1,0
2025-11-23,3.0,183.0,133.0,3,183,133,3,183,133,,,,50,206.28571428571428,28.714285714285715,6,11,327,1,0
2025-11-24,0.0,206.0,111.0,0,206,111,0,206,111,,,,95,200.85714285714286,26.857142857142858,0,11,328,0,0
2025-11-25,0.0,228.0,111.0,0,228,111,0,228,111,,,,117,200.85714285714286,24.285714285714285,1,11,329,0,0
2025-11-26,0.0,239.0,111.0,0,239,111,0,239,111,,,,128,208.0,18.142857142857142,2,11,330,0,0
2025-11-27,0.0,256.0,111.0,0,256,111,0,256,111,,,,145,217.57142857142858,15.285714285714286,3,11,331,0,0
2025-11-28,0.0,250.0,117.0,0,250,117,0,250,117,,,,133,226.28571428571428,15.285714285714286,4,11,332,0,0
2025-11-29,0.0,233.0,111.0,0,233,111,0,233,111,,,,122,227.85714285714286,0.42857142857142855,5,11,333,1,0
2025-11-30,0.0,233.0,111.0,0,233,111,0,233,111,,,,122,235.0,0.0,6,11,334,1,0
2025-12-01,0.0,217.0,111.0,0,217,111,0,217,111,,,,106,236.57142857142858,0.0,0,12,335,0,0
2025-12-02,0.0,217.0,89.0,0,217,89,0,217,89,,,,128,235.0,0.0,1,12,336,0,0
2025-12-03,0.0,200.0,83.0,0,200,83,0,200,83,,,,117,229.42857142857142,0.0,2,12,337,0,0
2025-12-04,0.0,189.0,83.0,0,189,83,0,189,83,,,,106,219.85714285714286,0.0,3,12,338,0,0
2025-12-05,0.0,194.0,72.0,0,194,72,0,194,72,,,,122,211.85714285714286,0.0,4,12,339,0,0
2025-12-06,0.0,206.0,72.0,0,206,72,0,206,72,,,,134,208.0,0.0,5,12,340,1,0
2025-12-07,0.0,222.0,78.0,0,222,78,0,222,78,,,,144,206.42857142857142,0.0,6,12,341,1,0
2025-12-08,0.0,228.0,89.0,0,228,89,0,228,89,,,,139,208.0,0.0,0,12,342,0,0
2025-12-09,0.0,250.0,89.0,0,250,89,0,250,89,,,,161,212.71428571428572,0.0,1,12,343,0,0
2025-12-10,0.0,244.0,89.0,0,244,89,0,244,89,,,,155,219.0,0.0,2,12,344,0,0
2025-12-11,0.0,261.0,111.0,0,261,111,0,261,111,,,,150,229.28571428571428,0.0,3,12,345,0,0
2025-12-12,0.0,256.0,117.0,0,256,117,0,256,117,,,,139,238.14285714285714,0.0,4,12,346,0,0
2025-12-13,0.0,261.0,117.0,0,261,117,0,261,117,,,,144,246.0,0.0,5,12,347,1,0
2025-12-14,0.0,278.0,106.0,0,278,106,0,278,106,,,,172,254.0,0.0,6,12,348,1,0
2025-12-15,0.0,272.0,117.0,0,272,117,0,272,117,,,,155,260.2857142857143,0.0,0,12,349,0,0
2025-12-16,0.0,250.0,111.0,0,250,111,0,250,111,,,,139,260.2857142857143,0.0,1,12,350,0,0
2025-12-17,0.0,244.0,111.0,0,244,111,0,244,111,,,,133,260.2857142857143,0.0,2,12,351,0,0
2025-12-18,0.0,244.0,100.0,0,244,100,0,244,100,,,,144,257.85714285714283,0.0,3,12,352,0,0
2025-12-19,0.0,256.0,117.0,0,256,117,0,256,117,,,,139,257.85714285714283,0.0,4,12,353,0,0
2025-12-20,0.0,244.0,106.0,0,244,106,0,244,106,,,,138,255.42857142857142,0.0,5,12,354,1,0
2025-12-21,0.0,272.0,111.0,0,272,111,0,272,111,,,,161,254.57142857142858,0.0,6,12,355,1,0
2025-12-22,0.0,283.0,122.0,0,283,122,0,283,122,,,,161,256.14285714285717,0.0,0,12,356,0,0
2025-12-23,0.0,267.0,133.0,0,267,133,0,267,133,,,,134,258.57142857142856,0.0,1,12,357,0,0
2025-12-24,0.0,206.0,172.0,0,206,172,0,206,172,,,,34,253.14285714285714,0.0,2,12,358,0,0
2025-12-25,8.0,233.0,167.0,8,233,167,8,233,167,,,,66,251.57142857142858,1.1428571428571428,3,12,359,0,0
2025-12-26,0.0,233.0,139.0,0,233,139,0,233,139,,,,94,248.28571428571428,1.1428571428571428,4,12,360,0,0
2025-12-27,0.0,217.0,133.0,0,217,133,0,217,133,,,,84,244.42857142857142,1.1428571428571428,5,12,361,1,0
2025-12-28,0.0,200.0,89.0,0,200,89,0,200,89,,,,111,234.14285714285714,1.1428571428571428,6,12,362,1,0
2025-12-29,0.0,244.0,106.0,0,244,106,0,244,106,,,,138,228.57142857142858,1.1428571428571428,0,12,363,0,0
2025-12-30,0.0,228.0,156.0,0,228,156,0,228,156,,,,72,223.0,1.1428571428571428,1,12,364,0,0
2025-12-31,0.0,194.0,128.0,0,194,128,0,194,128,,,,66,221.28571428571428,1.1428571428571428,2,12,365,0,0
